Name,Acq. Date-Time,Type,Data File,Species,Colonization,Bee,Cage,Replicate,Batch,Pyruvic Acid_MEOX,"1,3-Propanediol",Lactic Acid,Pyruvic Acid,Oxalic Acid,Alanine,"1-(3-Methylbutyl)-2,3,4,6-tetramethylbenzene",Unknown_3_39 ,"1,4-Butanediol",2-Pyrrolidinone ,Urea_2,3-Aminoisobutyric Acid_1,3-Hydroxyisovaleric Acid,Valine,2-Hydroxyisocaproic Acid,Unknown_4_56 ,Norvaline,Urea_1,4-Hydroxyvaleric Acid,Benzoic Acid ,Leucine,Isoleucine,Proline,Glycine,Succinic Acid,Norleucine,Glyceric Acid,"4-Deoxytetronic Acid, erithro-",Uracil,Fumaric Acid,Unknown_6_87 ,Serine,Threonine,Thymine,Glutaric Acid,beta-Alanine,3-Aminoisobutyric Acid_2,Hydroxyproline_1,Acetylputrescine,Malic Acid,Erythritol_1,Erythritol_2,Aspartic Acid,Methionine,5-Oxoproline,Hydroxyproline_2,4-Aminobutanoic Acid,Unknown_11_56 ,Cinnamic Acid,Threonic Acid_1 ,Hydroxyproline_3,Threonic Acid_2 ,2-Hydroxyglutaric Acid,"Erythro-pentose, 2-deoxy_1 ","Erythro-pentose, 2-deoxy_2 ",2-Oxoglutaric Acid,2-Aminoadipic Acid,2-Aminooctanoic Acid,3-Hydroxy-3-methylglutaric Acid,Unknown_13_76 ,Arabinofuranose,Anthranilic Acid,Glutamic Acid,Phenylalanine,4-Hydroxybenzoic Acid,"2,8-Dihydroxyquinoline",2-Aminoheptanedioic Acid,"3,4,5-Trihydroxypentanoic Acid",Methylmalonic Acid,"Arabino-hexaric Acid, 3-deoxy",Arabinose,"2,3-Dihydroxypentanedioic Acid",Unknown_16_18 ,Xylitol,Ribitol,Putrescine,"2,6-Dioxo-1,2,3,6-tetrahydro-4-pyrimidinecarboxylic acid",Aconitic Acid,2-Keto-gluconic Acid,Glycerol-3-phosphate,Hydroxytyrosol,Ribonic Acid,Glutamine,Fucitol,Unknown_17_86 ,Phosphorylethanolamine,Arabinaric Acid,Hypoxanthine,Sulfite ,Citric Acid,Isocitric Acid,Protocatechoic Acid,Timonacic Acid,Cadaverine,Quininic Acid,Fructose_1,Fructose_2,Mannose,Gluconolactone,Neo-Inositol,Glucose_1,Glucose_2,Glucose_3 ,Mannitol,Glucitol,Galactitol,Glucopyranoside_1 ,Myo-Inositol_1 ,Tyrosine,Scyllo-Inositol,Rhamnose,Gluconic Acid_1 ,Gallic Acid,Myo-Inositol_2,Myo-inositol_3,Gluconic Acid_2 ,"2,4-Dihydroxybenzaldehyde",Myo-Inositol_4,Glucopyranoside_2 ,Glucopyranoside_3 ,Muco-Inositol,Xanthine,Glucose_4,Acetyl-Glucosamine_1,Acetyl-Glucosamine_2 ,Myo-Inositol_5,Acetyl-Glucosamine_3,Uric Acid,Sedoheptulose_1,Sedoheptulose_2,Alizarin,Galactofuranose-6-Phosphate_1 ,7-Methylguanine,Ribulose-5-Phosphate,Kynurenine,Sedoheptulose_3,Unknown_26_51 ,Unknown_26_53 ,2-Phosphoglycerol,Galactofuranose-6-Phosphate_2 ,3-Phosphoglycerol,Unknown_26_80 ,Glucose-6-Phosphate,Glycero-D-gulo-Heptose_1,Glycero-D-gulo-Heptose_2 ,Thymidine,Unknown_28_68 ,Unknown_29_22 ,2-Deoxyinosine,Inosine,Talofuranose,Sucrose_1,Adenosine,Sucrose_2,Unknown_30_30 ,Lactose,beta-Gentiobiose,2-alpha-Mannobiose,Turanose,Deoxyguanosine,Disaccharide_31_36 
Sample 6,11/18/2020 10:07,Blank,Reagent_Blank_1.D,Blank,Blank,NA,0,0,0,81,12973,6403,1608,67,503,3519,6455,10923,,,12,246,163,8,3199,6150,,,438,13,71,296,286,12,4915,3,,17,14,,56,,,,,9,7,,12,17,68,66,,227,21,6,,3,7,7,9,,,,,,,6,,8,6,21,6,15,,,,,,,,,13,6,,8,,,,10,,8,,,,,11,33,6,,,,,,35,16,,,,71,8,,20,,,9,,,,10,,,,,,8,,11,16,,,,,10,,,,,,,,8,,,,,,,10,7,12585,,,,87,,,33,,163,422,13,,8,100,16,,20,13,8
Sample 28,11/19/2020 12:43,Blank,Blank_2.D,Blank,Blank,NA,0,0,0,70,14004,6826,1875,123,623,2580,5187,11561,,,,224,108,,3496,4603,21,,580,156,57,169,269,26,4262,22,,8,22,,27,14,17,,6,6,8,,6,8,61,17,,118,16,,,34,7,,,,,,,,,,7,13,5,12,12,,,,,,8,,,,32,8,10,16,,,4,11,,,,,,,8,27,73,,,,,,35,18,,,,30,12,7,,16,,21,,,,8,,,,,,15,,,17,8,,4,,,11,10,,,,,,,10,,,,,,17,8,12021,,,,56,,10,,53,194,470,64,40556,29,237,233,19,84,14,175
Sample 88,12/2/2020 19:16,Blank,Reagent Blank 1b.D,Blank,Blank,NA,0,0,0,143,16255,7323,2049,579,65,2960,4905,14169,24,7,23,290,319,12,1383,354,43,7,670,348,203,428,461,32,283,14,,6,11,,150,27,3,,7,,6,8,3,13,,261,18,157,12,5,5,32,6,,,8,,,6,,,,7,12,9,73,8,,,,,,,,,,10,9,5,11,,,,18,,6,,,,,,16,,,,,8,,34,21,4,,,310,44,9,15,97,,6,,,,11,,,,,,,,8,11,,,,,,27,,,,,,8,,9,,,,,,10,7,12436,,,,,,,,15,227,517,13,,8,54,13,,13,,
Sample 7,11/18/2020 13:34,Sample,4_4.D,Apis,ESL0145,4,4,3,1,632,13373,6554,2967,2138,47228,2609,6997,11255,3373,,2355,1098,31758,320,3261,8313075,305,351,1784,72278,31610,142793,28286,1826,9454268,155,333,1457,945,5605,18670,6588,1636,1845,14375,2795,140,49,1555,34813,70436,6821,8017,10580,40900,1019,,7807,8099,3024,2576,390,7,15,645,3291,352,11,64,2928,1991,16754,20198,354,866,3130,479,593,5955,3065,711,,8546,8014,136538,55,246,2332,2492,13,1486,2552,1009,87,3915,344,,15774,26288,,131,945,6320,2453,358199,245083,1618,2287,2540,896885,151988,3937,16704,55324,1271,88412,3179,34266,4533,22345,654,,,1177,6391,1897,3079,33329,21300,5110,46,13216,128338,133573,41980,664,163263,11200,16657,948,2586,678,450,604,2929,80,39,227,259,96,19551,373,888,647,4409,1007,1632,4112,1450,5165,11402,3745,296,151,1134418,199,197,328,1660,252
Sample 11,11/18/2020 16:07,Sample,4_5.D,Apis,ESL0145,5,4,3,1,661,13753,7019,1181,2831,61463,2820,7570,11741,2145,25,944,662,39217,138,3803,8055598,166,162,1694,88986,39705,201744,26398,1099,9094000,124,169,550,624,4125,24247,8124,1657,1079,13313,3351,29,23,994,12180,20327,8989,10315,13075,32960,533,111,4896,5066,4862,1614,275,6,6,478,4917,673,7,141,1586,1690,20697,26662,283,367,4830,354,464,4172,1312,823,,3589,2434,106407,30,153,1871,2551,,1170,3701,626,112,2021,377,33,20702,34867,,125,1371,4729,1095,211363,145046,270,1208,1221,588356,96490,6317,8169,11353,531,33588,2103,46657,2436,9085,833,11,44,186,5209,695,2996,12340,9403,3210,11,11231,54020,52601,24652,283,70015,4110,5778,318,2530,748,812,258,986,112,51,346,689,147,18691,569,384,321,2612,695,1141,3046,2781,2472,5536,3642,23703,110,684534,,368,22147,2099,984
Sample 18,11/18/2020 20:43,Sample,4_6.D,Apis,ESL0145,6,4,3,1,743,14348,7060,652,2403,49518,2981,8228,12449,6515,28,2212,2699,31910,930,4327,8440061,363,841,2473,81262,34628,120035,18990,902,9634422,242,1023,1475,738,7382,19683,6627,3811,6860,12959,6807,182,37,1197,33366,70478,8459,9339,16339,55044,787,277,11640,11459,10460,3901,702,32,,814,10247,853,46,279,4646,4695,16007,23654,897,1183,10181,1068,867,8280,4242,881,15,18478,11223,86709,128,443,3327,2493,31,2723,4407,1315,352,3812,270,131,83845,141610,278,320,1299,8322,4716,280563,189551,1293,3278,3082,638529,105468,6029,25940,38815,615,54342,2771,41185,4879,19337,1085,8,239,6888,10967,3228,4674,26099,23074,9913,187,15976,117550,107331,53870,651,417780,14605,20258,1011,1842,1259,808,718,2846,473,314,1851,3520,387,20810,1268,978,619,4645,2087,2360,7642,3508,2988,4687,3758,47019,352,705319,786,15,788,4897,99
Sample 42,11/19/2020 21:55,Sample,12_1.D,Apis,ESL0145,1,12,4,2,348,13489,6976,913,867,17799,2868,7378,11773,7087,24,1184,853,8655,533,4299,98888,186,354,2427,30797,10655,87059,7235,541,109791,113,274,395,385,3082,5707,2045,1125,2800,7863,3046,24,16,744,19028,49233,1728,2643,6750,23264,826,20,4661,4319,83,1462,8008,6,5,360,66,543,6,,1915,1080,5185,8387,381,368,53,326,46,1119,2960,237,,9266,13061,103357,51,51,1155,574,,742,466,560,117,450,17,59,3754,6052,14,191,1031,7689,1697,535437,357821,4674,6985,2013,762451,114776,7641,33021,81364,492,65796,1816,12855,2976,17572,280,,57,9407,18328,1291,3421,24767,16519,5451,62,17390,47478,60619,41832,114,124056,7981,12401,289,313,256,113,737,2920,120,11,158,79,,17511,138,568,535,802,552,1165,1834,803,125498,322335,1248,29469,122,805190,2112,72,275,1217,786
Sample 49,11/20/2020 2:22,Sample,12_2.D,Apis,ESL0145,2,12,4,2,469,12573,6906,1208,887,19645,2637,8546,11747,13093,21,3105,2429,13310,836,4061,96846,318,894,3304,42343,14672,106773,9137,993,107863,190,137,722,669,5079,5288,2081,2208,6631,10611,6158,43,95,1518,66290,124893,3317,3738,18273,47589,877,25,10745,10132,54,3717,1278,9,11,690,145,1132,12,15,5100,6692,7101,14381,831,830,109,529,177,2014,5526,641,,17049,18669,80756,29,636,2341,1908,,1640,2184,1109,510,1661,129,82,153509,246901,3591,439,894,6197,1646,429395,289043,3727,6753,2145,523663,77714,5104,30914,58055,,494733,1106,24384,3255,33705,495,,269,11203,19078,3428,3902,64677,75616,3912,34,14328,163128,169068,36121,241,372058,21683,31873,781,8499,1003,1176,1080,4264,126,36,1850,2535,193,19598,1884,1241,985,3083,1621,1805,5395,3552,5664,10791,1842,58979,575,771091,5847,,556,3239,2030
Sample 52,11/20/2020 4:23,Sample,12_3.D,Apis,ESL0145,3,12,4,2,628,12835,6985,1627,966,19520,2846,7386,11885,5327,18,573,508,7946,46,3882,85917,105,95,1762,32803,11772,82561,8016,434,95554,49,138,249,308,2381,5361,1719,1213,1390,7841,2648,39,22,761,10069,17903,1947,3338,6960,16768,397,7,2887,2685,94,841,62,,,342,118,915,19,7,1652,1261,4468,9788,414,216,74,180,198,1926,998,102,,4093,3362,53137,8,59,548,858,49,495,609,407,159,916,13,46,14279,21608,141,71,999,4176,1175,383895,256662,227,764,564,743249,113247,9474,5244,14737,430,29482,899,15243,740,7046,117,,,356,1617,466,994,8358,8578,981,,19502,32208,39889,14548,23,79290,2462,3910,295,2067,156,677,188,795,48,,298,723,91,14900,392,183,163,920,346,568,1291,834,2901,6215,1099,11837,66,442682,998,565,1051,758,7539
Sample 68,11/26/2020 20:39,Sample,12_4.D,Apis,ESL0145,4,12,4,3,111,10451,5726,1814,8702,490,2333,6615,9555,11453,,688,2615,3605,1199,516,136109,179,407,2293,6355,3511,42839,4914,133,147776,116,233,362,145,4727,1495,601,1794,2831,6696,4582,79,7,152,26860,56555,2188,258,3454,30475,214,10,5610,5401,221,1627,181,11,21,6,261,693,,9,3162,1768,1771,1114,262,344,208,433,56,1460,3542,397,,8627,7152,18295,10,49,1237,241,120,981,62,540,483,514,30,5,6034,3961,87,222,574,3464,4133,115488,79682,2098,2562,1382,129815,19008,1951,20571,25190,1034,59493,2533,1137,1765,18168,313,,308,5455,11903,3073,1315,24705,17459,3596,43,3432,85676,144665,26536,2220,135665,10239,14451,26,245,65,82,761,2261,119,25,114,197,129,14694,102,696,531,186,628,1227,2320,994,7609,16914,47,5679,122,157497,31182,1656,50051,1792,
Sample 72,11/26/2020 23:17,Sample,12_5.D,Apis,ESL0145,5,12,4,3,242,11334,5790,504,11288,510,2299,6601,9743,7272,,999,699,6130,450,643,102344,31,271,1662,18752,7513,35391,7326,577,127178,28,59,655,427,3490,2377,897,1387,2692,6155,2640,10,9,768,24717,50829,2833,1643,5425,17640,429,14,3683,3416,131,1110,487,4,10,225,175,504,5,7,2202,306,2998,4872,362,269,136,216,88,937,1976,186,12,10320,15965,42404,8,76,953,566,27,598,400,501,189,1145,22,12,6513,4261,22,166,631,1550,859,306980,212462,2039,8427,1109,309341,46650,2857,14343,52202,473,89892,2028,6985,984,16776,120,,50,10574,49538,999,2045,29157,24302,1865,13,7627,105579,143137,18943,1786,73801,7231,10370,37,382,22,159,308,1512,54,10,70,188,145,14566,115,526,386,145,463,849,1440,914,12718,28636,1190,32658,215,410585,3489,83,325,1190,729
Sample 76,11/27/2020 1:43,Sample,12_6.D,Apis,ESL0145,6,12,4,3,347,10846,6511,1222,10436,519,2215,6727,9637,7025,,590,745,5915,287,698,93770,145,216,1637,24320,7556,44282,3759,405,114397,66,111,324,372,1495,2430,963,973,1468,5111,2198,8,5,657,9649,19470,2666,1917,4335,9556,368,6,2133,1958,163,720,309,7,8,180,192,685,13,,1330,857,2666,5552,322,161,141,134,124,1515,968,83,6,4569,4376,44666,14,59,537,340,13,382,233,314,31,410,21,19,8772,5673,71,69,992,3021,957,131574,93042,1037,1414,507,210416,30622,5169,4835,16787,436,31200,1019,7064,735,8496,65,,114,3878,7775,1074,722,12515,9067,1055,9,4800,19948,35164,12181,478,104270,2867,4246,38,32,14,41,136,608,8,,41,69,,13773,51,213,125,321,319,427,793,527,28628,70546,753,12143,100,462444,7521,166,4841,219,277
Sample 83,12/2/2020 15:46,Sample,4_1b.D,Apis,ESL0145,1,4,3,4,177,15723,7927,2163,8590,321,2774,7477,13541,11360,11,2618,2445,7333,1300,852,96291,224,624,3670,24161,8788,52267,6568,271,122199,276,913,722,450,9538,1564,302,3090,4771,12252,8518,55,31,218,38784,72645,2530,497,7584,56396,353,9,14032,14761,13,4007,1032,,5,82,22,117,7,5,6873,5591,3167,3643,1302,536,32,1188,364,4281,3866,1919,16,13025,10434,26322,23,462,3805,1196,47,3428,259,1794,127,650,530,41,37100,20982,394,510,2323,6462,41273,108726,72563,1664,8353,3601,77754,9259,297,15537,35207,1657,146677,7778,2206,7777,31445,1820,,370,8330,41942,6548,2637,48627,43789,11079,9,1363,285177,291144,61915,1072,237069,11291,16046,62,9872,92,2802,468,2618,28,75,841,2953,112,29906,542,1087,871,1316,1719,2356,7335,3827,5539,11033,701,41600,486,276497,833,,802,4359,607
Sample 91,12/2/2020 21:07,Sample,4_2b.D,Apis,ESL0145,2,4,3,4,793,16280,8766,2658,52284,2467,3351,8457,14545,6036,13,684,667,26037,217,952,143420,317,159,2647,94430,34501,140591,18119,736,166115,99,254,437,727,2540,18188,6387,1222,871,9347,2758,25,,1303,8659,14798,6595,8588,12001,18405,562,9,2794,2916,276,896,234,,6,371,204,1351,14,8,1225,474,10710,23614,304,153,200,130,166,1859,1177,480,,4495,4181,92815,12,29,882,696,,691,2115,314,185,1503,180,33,6484,4064,39,69,3147,4640,2160,773035,574301,497,1453,642,1602548,238748,18925,6281,17750,361,22069,2869,32223,1669,6567,562,,484,4427,8167,3794,330,8481,5811,1539,71,33920,10118,23890,11841,319,149682,2644,4105,25,402,22,241,139,573,50,30,171,,67,20494,214,206,212,240,476,515,836,588,203241,587988,2364,44216,217,328544,2141,442,2026,794,3309
Sample 98,12/3/2020 1:35,Sample,4_3b.D,Apis,ESL0145,3,4,3,4,820,14318,7261,1050,38002,1776,2672,7011,12763,8371,13,1390,453,17193,93,1336,90444,395,189,2783,56031,24597,115732,9832,1197,104157,58,364,604,1372,6841,7902,3051,3340,2212,10815,5353,16,30,2666,19315,32164,2344,5369,9182,29164,757,17,8275,8090,123,1939,594,7,11,645,63,1067,28,14,3122,1053,9196,15311,1021,421,97,557,232,2242,3468,189,,5530,4047,106936,13,251,2207,1471,190,1454,924,963,255,1652,49,112,42849,26525,134,316,614,7138,18952,482882,331692,1205,2102,1664,935597,150173,11495,9877,29291,1025,138510,527,26915,2282,33095,338,,24,3710,7956,805,1663,32813,48424,3927,60,24818,171903,170873,45738,1107,137774,5675,8378,31,1018,43,607,323,1371,201,13,73,366,220,22408,246,574,570,1169,979,1428,5700,3524,3424,6825,2534,18838,249,1044135,2714,391,1200,3889,5277
Sample 10,11/18/2020 15:29,Sample,1_4.D,Apis,ESL0251,4,1,3,1,568,14080,7369,1254,2836,61463,2818,6639,12285,4004,206,1700,1126,34009,309,4587,8395149,2809,270,1562,84309,37825,196092,22077,3135,9555093,542,1349,834,568,9755,23765,7455,3670,2498,13664,8000,198,80,992,20869,31463,9169,9905,16688,67698,780,294,12083,12115,8846,3496,478,33,33,1081,8695,1147,1330,306,4240,1144,21478,26759,717,629,8424,1024,919,10546,5376,2223,6,6224,4307,79067,601,1384,4276,2164,523,3442,4238,1247,359,3223,842,400,242333,419791,4326,496,4530,5015,4898,760679,524644,1931,2886,3038,1653621,295156,20815,13597,17095,1719,77964,3852,50537,4797,27081,1262,,494,5898,10665,2391,6598,30775,38226,7495,484,43027,77147,101223,78356,678,268982,8999,12628,1004,2422,1858,1518,3018,1926,545,325,1008,3485,364,21320,1091,811,667,6436,1617,2263,9416,4099,650355,1910327,4696,37834,167,776962,1399,1187,1461,6629,6309
Sample 14,11/18/2020 18:14,Sample,1_6.D,Apis,ESL0251,6,1,3,1,746,13771,7333,1320,2030,41113,3089,7877,12138,5901,317,2895,1767,25460,898,4285,7051583,3366,1000,2988,52090,22853,110997,16070,1581,7876988,303,1012,2068,770,7747,15624,5128,3580,5772,13787,7270,235,,1586,46473,104504,6859,6039,15833,76642,1116,453,11644,11872,8004,4059,1062,33,42,716,8153,869,152,441,4148,7518,16000,16053,571,1204,8135,959,676,7249,5679,1277,9,20878,24015,102525,209,350,4256,2018,33,3530,2552,1583,599,2421,412,96,16585,27082,49,349,1695,4216,5568,419788,287438,4573,6393,2834,754710,127336,6740,34438,90550,1163,82510,4472,33387,4947,37975,955,8,287,14908,28839,3548,4167,47240,27532,6806,276,19236,213848,232483,57927,1289,337800,18500,26377,1147,259,2043,390,1060,4085,411,140,348,403,207,20417,332,1231,969,5501,2272,2239,8717,2661,7503,17533,5213,13581,490,411450,2759,119,623,5720,2062
Sample 16,11/18/2020 19:30,Sample,1_7.D,Apis,ESL0251,7,1,3,1,347,14406,7399,749,2204,45948,2849,7596,12617,3395,420,2204,1448,29367,668,3980,8443116,3602,419,2243,79305,31373,163494,21064,2734,9545194,283,1209,1097,695,8033,19552,5823,3832,2898,14488,8832,215,66,1118,27120,43793,8055,8788,15178,80099,651,358,12558,12450,8758,4439,652,,16,910,8628,1090,75,346,5989,2549,17089,23905,1169,892,8172,1152,880,9789,4260,3261,16,10821,7597,74667,413,440,5106,2724,177,4541,3162,1561,570,2561,1086,190,50858,83900,42,522,6128,7281,4713,353389,240392,2490,10931,3091,763785,128933,12166,21846,27073,1583,60031,9461,44645,5575,19396,1495,9,966,28228,53437,2387,12777,22120,32510,6814,296,19073,208291,180803,65337,945,277751,12293,16728,1005,3958,1840,1619,2673,3124,781,286,1325,934,300,20729,924,1117,797,6075,2110,2441,9651,4087,12841,29419,4419,96266,329,514128,2861,363,2015,7499,6001
Sample 31,11/19/2020 14:37,Sample,8_2.D,Apis,ESL0251,2,8,4,2,428,14538,8039,1572,1036,19816,2708,6888,12867,6794,14,1960,895,5582,243,4271,87952,483,370,2341,22456,8078,75217,8871,1150,95753,82,602,469,339,5025,5282,1422,1045,2474,8211,2416,,13,949,21284,38095,2074,2626,5920,30943,410,8,5564,5638,8,1548,368,10,9,471,8,51,36,5,1919,1958,5009,7674,330,470,6,426,419,4254,2238,661,,7146,7539,50497,111,156,1495,871,,1096,697,695,11,1057,106,76,49797,83581,549,101,1506,3809,1352,282404,187216,187,1916,1179,571832,83421,6576,7954,22190,609,33265,3932,10224,1814,10063,228,,127,877,4542,1227,3194,13565,11039,2528,67,6685,72574,61784,20768,95,208669,6831,9396,776,865,455,255,456,1040,40,67,507,1034,77,17270,524,403,343,2322,758,1210,2211,1178,48186,123037,1186,23698,203,339089,1200,469,416,1556,1398
Sample 38,11/19/2020 19:17,Sample,8_3.D,Apis,ESL0251,3,8,4,2,417,14027,7260,692,1196,24629,2926,6734,12313,6729,80,978,555,8364,307,4681,88187,511,189,2137,33803,12989,110831,7903,1595,95950,122,682,404,414,4593,6573,1891,1556,1947,8901,4809,95,,815,14431,26441,1918,3802,6627,39576,545,29,6843,6589,61,2147,286,,15,449,81,500,71,16,2395,3923,6177,11449,377,376,40,782,266,2554,2109,2234,8,7733,5316,74399,45,183,2481,1621,80,1841,990,928,143,1483,369,89,39329,65338,454,184,4533,5553,3604,182167,119941,315,1960,1606,371571,52502,4472,10493,18961,960,40893,9313,19184,3440,13870,849,13,814,3136,4575,879,12129,20335,11917,3826,53,7162,96068,88033,29716,84,225638,6245,9174,533,2734,578,1277,325,1604,153,137,881,995,38,18095,907,356,568,2248,904,1286,3188,1666,3014,5642,1139,40796,123,537753,,117,391,2544,1066
Sample 41,11/19/2020 21:18,Sample,8_4.D,Apis,ESL0251,4,8,4,2,301,14137,7278,218,821,17155,3180,6464,12514,7360,155,1224,911,6168,297,4776,85515,1017,174,2087,25493,8841,106804,7123,918,92979,180,743,401,295,5412,5299,1486,2176,1103,7343,4801,63,16,525,17653,27171,1611,2712,5236,35266,377,13,6613,6476,44,2104,288,5,31,364,47,581,47,9,2659,1008,4298,8459,471,359,38,790,547,5268,3395,2380,,5309,4296,62455,137,341,2311,1445,289,1851,789,877,198,1033,385,125,59261,98826,693,364,7539,5784,2007,152103,100480,688,2331,1343,404937,58629,4654,9419,11789,927,58573,7562,13120,2581,10797,824,,658,3954,6680,1169,11206,12999,27954,3134,339,8968,97785,84163,31808,175,174637,5558,8017,547,3586,1366,715,1193,1328,273,95,631,703,208,17817,564,491,409,2988,1011,1208,4730,1944,3265,6333,1082,34980,121,556114,1161,130,504,3060,1025
Sample 53,11/25/2020 17:13,Sample,8_1.D,Apis,ESL0251,1,8,4,3,241,11203,6109,675,14015,688,2208,3881,9967,4528,,45,195,6722,42,601,104238,10,66,1153,17849,5987,33824,2024,440,120801,59,123,10,374,688,5419,1516,190,269,1536,475,3,,462,3051,5705,31406,1825,2775,2688,269,8,695,751,23,196,91,,6,75,14,43,729,,568,9,10273,3877,143,,18,42,16,264,450,15,,1008,963,7473,4,25,163,129,34,117,137,76,,90,9,10,3807,2409,10,22,82,422,297,64899,45902,192,245,136,100239,14868,31,1406,4186,202,19080,210,2830,303,3519,22,,8,334,719,42,273,4429,5657,410,,1434,3636,14360,3391,186,2703,725,999,9,22,,5,74,186,,,,17,17,23375,7,79,38,25,,140,,172,3060,6748,357,164,17,121561,,,124,16,75
Sample 60,11/26/2020 13:56,Sample,8_5b.D,Apis,ESL0251,5,8,4,3,106,11022,6730,1114,8835,456,2338,6614,9875,4037,,642,468,4644,146,561,74445,,311,1110,14894,5290,27813,3634,588,88715,92,254,292,203,1754,2499,805,1902,795,3223,2082,9,6,291,8427,15972,5340,1280,4027,9815,191,10,2255,2043,284,647,161,,,43,141,536,,,1109,1078,2825,3350,232,170,106,60,140,1574,827,679,7,2717,2068,22342,5,69,671,185,27,505,132,271,175,519,100,9,32129,21406,338,62,678,1718,2177,128290,88855,298,748,617,265031,40161,2190,6286,11839,330,25135,2219,3302,965,5556,250,,342,1021,2410,3318,867,9520,8520,1037,,6509,20411,31798,10406,257,33337,2408,3337,32,690,15,215,170,444,,,99,120,26,16373,156,159,111,125,253,364,847,409,1538,3036,656,11166,85,183725,758,125,254,534,991
Sample 61,11/26/2020 14:48,Sample,8_6b.D,Apis,ESL0251,6,8,4,3,251,11799,7252,1497,12109,642,2868,7485,10539,7972,,1112,731,6351,286,494,120087,,417,1778,20976,6691,43313,3805,927,135315,116,470,563,381,4033,3669,1308,2961,1829,4318,3015,46,8,776,18738,40777,6088,2143,6584,16448,458,8,4515,4216,545,1299,383,9,,254,452,1390,87,6,2219,1414,4231,6458,339,387,454,294,331,3155,2039,228,,4858,4296,51641,,45,933,475,14,897,272,508,444,737,49,,21459,14270,66,143,453,4037,3501,322500,224981,812,1290,1072,539801,85857,7492,9690,22378,775,82342,1963,7557,1994,17045,210,8,,1077,4259,2155,1381,25754,21691,2601,63,14914,37016,68437,20943,737,89385,6187,8228,13,873,20,45,417,1252,44,11,52,,36,17190,109,409,435,388,456,827,1766,686,416775,1143247,797,1084,82,587058,1073,249,386,1068,288
Sample 62,11/26/2020 16:04,Sample,8_7b.D,Apis,ESL0251,7,8,4,3,89,11838,5979,1798,6605,347,2667,7198,10425,2611,,211,290,3518,16,649,36334,,35,773,12735,4153,25549,2938,318,41495,33,110,181,143,1263,2114,719,1338,354,2369,1025,9,8,225,3921,6527,4533,1139,3421,6418,123,6,1153,1055,223,382,27,,,33,48,592,,,549,661,1992,3034,29,67,66,91,78,961,422,130,,1568,1113,28577,14,12,502,182,7,364,88,203,102,579,15,,3240,2156,9,15,503,1607,249,190135,132900,302,587,239,336682,51436,3351,2585,3876,286,9791,687,3474,413,3027,62,,39,1017,1858,941,254,4116,3152,603,,7939,7145,15121,5370,117,18145,1346,1873,,224,,51,16,280,,,41,61,,15793,60,142,94,556,126,344,269,164,629292,1791075,493,4487,25,180973,551,183,40,144,613
Sample 64,11/26/2020 17:21,Sample,8_10b.D,Apis,ESL0251,10,8,4,3,476,12201,6930,2405,13512,702,3541,8794,11283,9475,12,909,1180,8727,434,637,153588,,442,3671,33577,11145,44044,3919,2466,182362,235,513,722,531,6405,4066,1449,5042,1733,5162,3215,56,18,803,21615,43061,4567,3275,8969,24303,579,29,4758,4390,792,1331,643,4,9,337,707,1805,1752,15,2654,789,4246,9804,739,578,730,460,217,2217,3057,442,7,7160,5110,52466,9,230,1130,1046,202,1003,491,806,865,838,67,56,71086,43720,819,296,1033,2901,2450,141182,98044,668,980,613,319898,49393,3458,11797,20300,926,37061,1996,15277,1295,11661,481,,266,1893,2706,3003,2228,12191,18307,1161,112,8517,54130,98124,13648,960,94548,8013,11688,,866,65,333,723,1966,45,,220,310,291,18330,181,617,504,611,823,1034,4096,1816,7013,15388,1612,3395,139,382271,1567,52,454,2879,425
Sample 65,11/26/2020 18:48,Sample,8_1c.D,Apis,ESL0251,1,8,4,3,138,13679,7149,1697,11942,632,3143,7508,12052,5391,16,185,259,6776,55,587,130071,8,80,1429,21342,6817,32000,3752,462,154584,91,127,185,408,709,3262,1121,1024,436,1829,707,5,15,604,3664,7007,11424,1956,4911,3317,353,10,959,881,635,250,80,,,102,407,837,935,,542,7,4538,4811,119,30,422,51,8,264,579,13,,1287,1295,9592,9,12,154,97,26,141,62,146,54,116,,,5463,3625,86,28,120,485,243,80497,57351,229,300,152,126694,18042,3160,1875,5228,89,23601,422,5141,243,4521,43,,14,441,921,105,253,5286,6568,423,,2732,10441,21473,3968,160,9725,860,1076,12,73,,23,15,225,,,,15,39,16278,19,63,53,101,19,159,369,137,3170,7281,425,250,38,141463,460,14,208,39,249
Sample 74,11/27/2020 0:30,Sample,1_5.D,Apis,ESL0251,5,1,3,3,587,11307,7829,1588,23698,1108,2139,7897,9885,7189,212,1105,549,7554,155,721,79612,4306,209,1888,26877,10989,92858,7881,1703,84809,716,1228,476,518,4906,7218,2232,1555,2270,10167,5151,34,29,1176,24106,43862,3988,3371,7669,46135,1398,15,8082,7738,42,2096,328,9,14,492,84,856,5981,12,3354,17,12337,9903,415,353,77,731,517,5577,3197,1818,7,8327,7449,83177,9,284,2224,1603,129,2082,775,910,427,2131,639,80,56758,34864,378,193,4220,5821,3270,228251,155378,628,2804,1956,489065,77065,3680,9768,28034,1041,45010,6707,14743,3587,15366,1411,,756,8924,13397,9376,1436,21191,19275,5190,222,11708,113032,102920,35957,708,170411,7227,10612,,1847,133,921,1355,1912,84,65,571,1606,200,16100,445,797,609,750,1066,1542,4727,2114,3041,5761,1544,15885,167,324837,879,666,1680,3051,4832
Sample 79,11/27/2020 3:44,Sample,1_8.D,Apis,ESL0251,8,1,3,3,2728,11164,6933,1205,21387,1001,2492,8382,9949,8354,353,1189,2329,6428,885,589,82336,5780,360,1497,22285,8094,79607,8857,2698,89044,654,458,526,1521,2805,6050,2172,1458,2245,9161,4079,30,,4932,38861,96352,4931,2535,7966,30176,906,14,6282,6132,94,1377,677,,8,1193,131,1093,5748,8,2779,6,12274,8158,478,1045,152,384,365,3625,5319,580,,14305,11735,96455,14,166,1620,1397,44,1019,840,699,365,2290,134,172,32486,20844,,255,3557,7113,2158,972590,672863,2885,4302,1433,2171149,386524,7918,69255,143866,528,64740,2712,11815,2206,17810,441,,38,10237,21679,3301,2077,25143,20681,2773,276,64100,98331,97386,29590,860,144247,14454,20101,,323,9,155,1590,3351,41,26,819,2098,159,16316,281,1034,801,388,699,1511,2396,786,5963,12725,1437,8752,309,751283,3091,480,1618,1849,12122
Sample 80,12/2/2020 13:52,Sample,1_1b.D,Apis,ESL0251,1,1,3,4,1369,17570,9640,2825,38312,1971,3319,7243,14891,12566,41,2677,2273,32117,1071,1064,116456,32,439,4219,120871,46740,128751,12270,1387,140162,181,522,2138,847,7351,8707,4923,2143,7544,11394,5058,51,,1568,54765,133446,4048,8551,9982,41157,1009,14,6254,6626,84,2044,2313,23,9,774,60,331,21,5,2415,3501,8557,27054,706,666,45,666,230,2664,6156,687,22,25802,30094,54969,10,207,1718,559,54,1413,1039,1227,127,851,190,102,15795,9166,17,299,1490,4129,1740,734235,525709,2781,4322,1996,1065787,175011,3972,49493,81053,1146,76135,3488,42697,2408,28115,872,,,6374,15252,3634,2732,43485,22130,3649,61,15026,160753,231219,37623,2340,195506,18021,26062,50,258,88,304,912,3582,99,16,140,140,212,27010,147,862,676,381,810,1411,2814,5219,3107,5687,3158,1105,210,415054,2293,205,999,2060,1892
Sample 94,12/2/2020 22:57,Sample,1_2b.D,Apis,ESL0251,2,1,3,4,294,15711,8396,431,25297,1378,3001,8315,13778,10442,250,2583,838,21937,189,1173,108372,58,1390,3088,84552,32680,174322,9196,4703,129638,218,1145,1135,716,10093,9313,3572,5820,4944,9190,6675,56,44,905,35279,67286,3325,8130,11699,61365,639,27,8165,8259,172,3028,693,13,11,688,29,1414,14,11,3663,4514,6767,23430,637,870,170,1060,868,9300,4386,2150,10,11564,2724,51711,,465,2395,1168,,2534,953,1561,597,1091,575,,139457,83235,1358,443,3977,5737,2450,201763,134125,1334,2640,2012,473542,69095,3676,13165,24197,1101,86660,9896,33318,4469,25295,1359,,1263,5646,10275,13138,1755,33571,26417,4187,20,11342,133303,180933,47168,1330,185089,15133,21486,32,3068,,1397,1277,3070,145,75,530,1338,300,29927,384,1172,909,1125,1698,2167,7166,3657,3137,6761,2855,35533,254,528858,2211,,956,5043,1091
Sample 99,12/3/2020 2:11,Sample,1_3b.D,Apis,ESL0251,3,1,3,4,798,15034,8710,1323,29684,1375,3253,8643,13970,11298,152,2407,1645,18510,1166,1380,129342,819,457,3480,57355,25566,111844,11841,3729,149206,166,821,2483,1503,7317,7804,3522,5893,5699,15296,7432,114,15,2817,53790,117737,2834,5466,11572,45247,1154,9,10246,10005,434,2588,1280,8,33,1342,338,2253,129,11,5618,1952,7927,15397,992,777,312,844,265,2940,8139,730,11,19838,20369,112618,,896,2667,997,,1983,576,1345,764,1646,153,138,272414,158001,2859,678,2574,5847,3270,1868763,1314624,4985,9457,3076,2903486,491558,15329,45975,102449,1679,201574,3571,29279,3720,52719,590,,471,26210,59555,5177,3476,84779,69475,6363,225,84120,245586,392868,75843,4267,204133,16572,24275,6,225,22,126,1357,5120,221,61,55,75,353,28825,209,1432,1044,179,1444,3131,6749,3496,1615055,4828662,3582,6416,577,1286575,5880,1794,1016,4969,7675
Sample 20,11/18/2020 22:08,Sample,5_4.D,Apis,ESL0304,4,5,3,1,800,14292,7632,1051,1770,34759,3351,9423,12408,4470,29,2255,972,20407,423,4271,8634539,652,594,2204,46698,20718,77955,14713,2128,9804761,165,461,1394,1291,7806,12118,3856,3437,3740,12130,6183,139,,2281,36376,67118,7292,5390,13145,58123,857,487,9636,9529,9462,3572,747,16,24,699,10220,601,21,432,2850,2382,12843,13182,777,617,10005,677,175,2136,4288,4215,,15909,15242,100075,175,326,3499,2121,77,2696,2602,1142,405,2979,764,85,31574,52518,,390,2651,7057,3115,300025,198750,2637,5845,2307,621328,102692,5305,20483,46783,907,147422,14129,27843,3717,35683,1107,13,872,5389,17420,3023,18292,51320,40546,4309,309,15810,284169,237519,54026,293,311830,11338,15853,768,2728,968,1025,495,2529,600,88,738,788,284,21729,720,870,704,3428,1540,2287,8148,3199,3334,6504,3945,55268,398,528008,3000,96,1153,6074,2070
Sample 22,11/18/2020 23:21,Sample,5_5.D,Apis,ESL0304,5,5,3,1,574,14416,7272,553,1443,30165,3490,8741,12185,3658,26,911,878,23997,271,4146,7956337,282,208,1809,51569,20648,137944,17127,257,8885819,122,361,598,840,2880,11423,4110,1648,954,8296,3256,26,39,1398,18348,35291,5169,5786,10658,27569,671,301,4274,4204,9616,1339,282,10,6,576,9466,966,33,263,1139,2178,10823,14015,348,376,8938,272,231,2525,1641,901,,3523,3027,95501,54,87,1336,1501,,935,1594,555,209,1695,326,55,13229,21264,26,105,927,5393,939,242851,161687,475,2137,1297,635498,103439,7133,13465,21914,622,34237,5901,25942,1930,9708,579,,562,942,5698,1184,9004,13112,8932,2642,7,16073,83131,80503,23113,34,67585,5731,8129,355,479,515,266,343,1254,68,,346,121,87,18915,330,464,371,1207,519,714,2206,911,1669,3106,2912,26920,120,639171,,86,,1544,376
Sample 25,11/19/2020 1:22,Sample,5_6.D,Apis,ESL0304,6,5,3,1,601,14680,7400,949,1219,26287,3771,9269,12623,6495,9,2008,1502,20428,476,3962,7527352,462,361,2115,41013,17592,97517,18789,616,8534483,174,805,1178,645,6091,10061,3670,3321,1482,12284,6342,237,,938,46127,90434,4862,4378,12574,58140,626,424,8635,8791,11768,3227,543,14,11,782,11629,973,64,482,3714,5721,10514,11583,423,1032,11516,730,475,5327,3664,3395,22,10798,7915,53014,66,244,2668,1557,8,1857,1898,1007,563,1865,819,99,24725,41176,123,264,1881,6684,2623,411804,274329,1063,2878,2181,869258,143483,7274,24292,44835,,87211,11277,21690,4478,19197,1827,,1032,4235,5884,2555,15313,24461,28593,4588,100,24477,146502,143031,40472,28,306771,12718,17334,752,3752,1199,871,769,3040,452,57,1047,1328,119,19673,642,867,686,3426,1459,1722,4801,1802,3733,7388,3352,100,137,506879,1622,109,667,3714,2258
Sample 34,11/19/2020 16:44,Sample,11_5.D,Apis,ESL0304,5,11,4,2,638,14147,7845,1886,926,17772,3060,6941,12829,6024,38,1013,737,5596,226,4214,99382,638,501,2681,20528,7253,82147,5988,705,107606,121,286,229,799,4041,4129,1424,876,1649,8186,1781,19,16,1616,22641,48528,1712,1969,4789,19668,723,12,4287,4274,33,1276,522,7,20,676,16,245,309,,1300,995,5421,7091,436,251,19,303,74,1123,3365,493,7,7935,16763,84673,44,156,1194,1148,,707,641,649,52,689,127,142,30898,50168,249,405,1294,5135,1482,214196,143255,2597,3887,1040,447619,63802,4522,15540,62238,1152,167798,1249,9497,1197,24445,253,,,6819,14361,1716,1937,32064,43878,1685,206,7339,127213,124789,22124,83,126028,7702,11589,381,167,660,52,548,2520,81,28,40,157,186,16935,162,597,301,1216,621,988,1851,1038,2256,4921,1518,46710,266,833923,1366,37,223,1234,223
Sample 37,11/19/2020 18:39,Sample,11_6.D,Apis,ESL0304,6,11,4,2,337,13907,7165,585,944,17636,2991,6531,12052,5654,40,757,797,7133,331,4599,90987,285,454,2128,29969,8802,87874,6279,508,99087,52,192,245,503,3418,4437,1542,1102,627,6776,2409,19,17,960,16052,29717,2706,3207,6590,17914,712,10,3576,3205,59,962,783,,,451,34,373,28,13,1100,788,5424,10746,504,249,13,152,93,1358,2451,449,,5574,7036,49999,30,265,887,930,6,736,941,445,79,940,128,19,35312,56242,535,303,1755,2196,939,299807,197012,1757,1932,542,569918,84378,7035,8478,23513,282,42313,1254,14623,1179,7440,305,,,702,5842,1480,1738,9453,17595,1293,134,11805,73383,79926,10494,,134627,4715,7354,464,1258,511,376,290,1069,51,67,248,369,53,17726,334,352,336,1158,517,542,1061,865,3061,6213,1726,39848,305,438967,1679,110,517,1028,1664
Sample 46,11/20/2020 0:32,Sample,11_7.D,Apis,ESL0304,7,11,4,2,359,13208,6907,522,812,14359,2614,7207,11734,7589,34,1507,691,5264,192,3926,80533,293,801,2477,21785,7068,77836,5514,458,91098,51,356,530,315,5698,4175,1256,2063,2506,7079,4785,46,117,689,27574,58761,1427,2471,6701,32113,593,19,5588,5107,76,1843,782,,12,346,84,697,6,8,2374,1672,3620,7612,425,612,74,303,276,2789,3819,900,7,11418,15582,91434,72,143,1775,926,,1367,532,812,275,893,214,29,12677,19795,17,161,3047,6319,1313,240703,160899,1308,2948,1434,422952,61683,3162,24254,45880,750,63189,3435,10823,2317,16260,513,,342,1582,6651,1876,4011,26871,15499,2280,165,10739,75429,89939,27856,80,172080,9793,14268,529,957,822,455,574,2254,75,9,576,581,76,17573,484,651,502,1502,891,1182,3068,1446,5087,10496,1619,11631,315,568189,2167,,660,2033,498
Sample 55,11/25/2020 19:46,Sample,11_8.D,Apis,ESL0304,8,11,4,3,297,11739,6612,620,16660,786,2245,4816,10392,6689,8,653,977,8440,280,701,82813,12,200,1391,22478,7975,48313,4608,322,92513,34,134,533,300,1765,4591,1585,235,1934,4926,2566,40,26,391,11780,23522,13390,2279,5717,20448,317,9,2944,2583,54,829,404,,,155,10,83,7,,1884,1869,8276,5947,205,319,22,179,223,2505,1240,342,15,6584,6274,20533,,61,670,424,21,525,397,386,33,813,64,12,12440,8108,,38,681,2975,736,118112,81476,343,657,589,177201,25930,1434,7811,14319,274,21289,673,6739,1359,6563,340,,77,397,2196,1119,864,9701,5127,1408,,3222,33469,39395,10662,383,120453,3674,5021,41,259,13,322,60,666,13,12,214,1034,,16260,135,309,261,108,236,542,610,700,5874,12758,1073,2199,134,258659,3215,21,119,265,417
Sample 69,11/26/2020 21:15,Sample,11_9.D,Apis,ESL0304,9,11,4,3,206,11019,6151,523,9567,498,2294,6456,9643,7017,,731,1467,6669,373,605,60707,18,124,1516,25485,8355,39433,4673,343,70214,43,285,416,327,2500,2817,1148,1374,1032,3273,2167,16,7,521,16577,37138,2703,2052,4364,12135,341,11,2924,2616,77,690,335,,,177,33,363,,6,1353,1909,2794,6976,296,676,97,288,258,2752,1664,273,,5824,2969,27160,9,42,645,294,21,572,149,481,102,672,59,15,3197,2208,8,102,389,2940,2006,126835,87578,552,1124,489,194121,28167,3321,11061,15113,491,39371,791,9017,910,11554,190,,83,2374,4316,935,1120,13056,12150,1156,,4696,56061,67099,10014,703,32976,4459,7489,,375,11,172,290,1279,13,9,150,402,40,14577,43,381,256,350,333,464,1515,583,37285,91862,1055,4610,112,380665,1672,,292,1071,20
Sample 75,11/27/2020 1:07,Sample,11_10.D,Apis,ESL0304,10,11,4,3,230,11140,5684,2054,11552,612,2309,6483,9775,5067,38,289,274,5640,46,724,85212,263,44,1086,21852,8013,26969,3053,383,98507,47,121,66,226,1386,2737,922,530,416,3503,972,9,11,545,3731,6676,1880,1906,3083,3422,291,,1261,1232,120,336,80,,,140,125,312,,,407,,2756,5339,130,47,75,31,17,296,688,90,,1158,1372,25397,11,59,315,341,31,250,248,156,22,367,18,9,17727,10563,298,61,1029,1018,438,459496,318552,,,275,876505,141197,11321,2334,5776,180,15927,351,7407,345,3946,,,55,706,1067,449,201,4056,5649,503,7,21320,14012,19712,6093,272,4222,981,1293,16,26,,18,41,252,,,6,33,85,13169,62,104,31,34,70,237,242,233,639276,1824876,673,24792,,350377,676,159,559,46,4577
Sample 84,12/2/2020 16:24,Sample,5_1b.D,Apis,ESL0304,1,5,3,4,759,16696,8829,616,43019,1884,3317,8457,15564,14988,12,2106,3174,27965,1439,969,119118,441,1088,3470,87885,36026,237733,28113,1899,135830,229,9,1264,1998,4182,10762,5065,1254,9096,34067,6104,29,31,3411,82884,206766,6521,9056,14907,41366,1446,16,7914,8229,118,3280,2928,8,33,1311,118,1223,23,14,3282,4243,15047,30396,778,740,56,411,341,3159,7907,1035,20,27812,47195,157642,7,304,2571,2833,19,1854,1584,1477,233,4055,219,,42991,24951,,192,1413,12330,8824,1530061,1066625,8511,10896,3901,3792341,725182,10539,156351,342031,,236324,5079,60776,8931,52099,1689,,211,14840,66198,6833,3391,86525,40150,15881,23,84706,221079,285825,51141,2670,85328,31622,50246,14,652,29,248,2568,10928,123,16,369,245,356,28478,422,1793,1548,386,1694,2312,1837,1694,6580,14702,4012,4393,743,1983041,2591,225,1047,1942,4570
Sample 90,12/2/2020 20:31,Sample,5_2b.D,Apis,ESL0304,2,5,3,4,465,16041,9114,3315,20561,958,2842,7229,13647,11450,92,3228,1529,16046,1467,988,77331,,918,4383,55538,21033,66304,6726,1226,90586,203,319,930,930,8676,4874,1980,4209,8186,9603,4956,24,23,1612,49949,112926,3680,4212,9381,38390,636,33,8516,8224,64,2691,1287,6,20,783,48,315,8,6,3858,4237,6652,15390,1346,728,64,649,269,2944,5859,1048,14,17825,21401,71080,14,431,2318,1008,39,1858,1026,1522,210,1296,245,68,93962,53310,352,676,718,7779,3026,800277,429203,4746,8429,2159,905470,145046,5661,20470,72589,1826,161255,4412,23224,3679,48536,755,11,398,26590,63623,7212,4940,71831,50387,5537,154,23048,440961,342515,45535,2591,445532,24593,26533,,794,19,272,971,4054,125,117,324,390,317,21987,295,1327,887,123,1642,2345,6366,3546,4364,8533,3039,7581,352,527131,2512,226,1594,5550,3949
Sample 102,12/3/2020 11:05,Sample,5_3b.D,Apis,ESL0304,3,5,3,4,1013,16939,8550,1930,40992,1997,3616,10796,15240,15641,4,2137,2122,29900,1257,1240,120067,307,599,3846,99529,41367,194041,17570,2175,139285,220,376,1737,2266,10088,11745,5098,6750,7091,22901,8827,60,45,4211,66419,162007,4139,7943,17382,70586,1436,10,12363,12818,313,2899,8853,9,42,1011,361,3823,51,8,5233,7154,9628,27411,892,713,232,1046,302,3054,5240,1875,13,18790,13010,189692,19,230,3486,1021,18,2512,1015,1432,1150,4234,683,98,28896,17877,,325,2580,19969,8664,722881,502149,5235,8358,2618,1891940,316114,7805,57751,105022,2005,189856,13610,45282,6001,37899,1471,,1631,27730,47019,18363,3267,55864,54350,4900,40,52737,249090,337875,49271,3514,290167,24668,31322,11,4415,238,785,1170,4974,448,49,619,1388,319,28804,616,1443,1033,1068,1772,2162,7567,4721,7054,13895,2823,1421,224,1537042,769,66,650,4304,880
Sample 4,11/17/2020 19:02,Sample,3_2.D,Apis,ESL0323,2,3,3,1,1101,16155,7664,2341,1258,24948,3996,18704,13906,13290,,4415,13434,12939,,,8112508,622,605,3210,29695,14635,99968,11854,1670,8939171,393,10,2547,1297,1172,8651,2858,10998,3698,3247,527,117,42,2160,37176,47947,5049,3943,99633,8474,260,33509,2889,3095,46617,5415,319,,7,1318,3594,3974,481,28013,5691,120,100,9494,757,2676,3394,1137,14,237,3278,2867,9,12593,12481,5824,40,671,5893,2236,303,921,9,1506,56,829,285,14,127477,237792,923,877,3044,,11,199718,156167,555,11321,60,483011,83521,1395,21652,26738,2431,85930,14545,12615,626,23780,2564,1973,1736,54576,98964,3067,12836,38159,29063,8521,228,48,23038,185603,767,4819,401482,16507,17201,3541,3920,403,1612,778,3227,,41,1515,1828,98,26978,1342,1244,753,4839,242,2616,5560,1478,2499,4725,2054,228,240,596712,1162,51,385,29,338
Sample 8,11/18/2020 14:12,Sample,3_4.D,Apis,ESL0323,4,3,3,1,453,13963,7542,1658,1755,35788,2642,7260,12330,4419,47,1533,1044,21940,2,3022,8034906,624,676,2382,60785,24591,118380,12223,324,9082791,319,10,945,817,8651,13735,4488,2375,2232,14478,3923,8,35,1227,31698,49241,6764,6807,8801,1762,567,202,3005,3088,2792,3685,315,,7,1531,3942,286,139,198,4194,335,11323,18288,967,1166,3596,661,29,176,2637,1957,13,14669,11562,92783,32,601,4385,1848,337,827,3755,1182,6,2616,202,56,121886,209257,,703,2161,5879,10,198344,133778,515,14634,172,516109,85775,2674,13901,25978,1332,63440,5939,30100,200,17012,974,986,294,41442,90565,2961,4786,21832,30301,5793,341,7541,224493,178003,517,923,360429,11245,15481,1052,6729,1397,1712,984,2446,221,246,867,2832,130,19836,1237,757,673,6871,1505,2019,5802,2238,7528,16901,3342,38283,416,508332,731,113,566,3652,1342
Sample 13,11/18/2020 17:36,Sample,3_5.D,Apis,ESL0323,5,3,3,1,445,14036,7026,1701,1805,36601,3035,7346,11755,1331,16,538,522,23546,16,4063,8229902,292,28,1319,58721,24159,119939,14012,566,9299363,124,,466,488,2019,13360,4155,1155,1010,8090,2064,,,755,6401,8323,4847,6148,8184,1287,423,176,827,804,8010,992,39,,,663,8161,699,43,152,1317,70,10064,15921,204,593,7733,283,7,32,609,400,,1862,1621,67967,11,90,1364,1233,,341,2728,307,11,1347,71,41,24972,40669,74,210,2121,3029,14,154197,105744,,3960,117,426201,69380,4672,3725,5274,273,15717,932,25497,121,6049,268,109,24,9476,20942,496,1242,6975,8600,3822,69,9252,26517,29886,1043,132,51028,2715,3560,336,769,563,376,222,548,112,23,143,735,,16527,301,199,174,1095,556,443,1215,883,2133,4591,2344,268,35,479132,438,141,309,830,1319
Sample 17,11/18/2020 20:07,Sample,3_6.D,Apis,ESL0323,6,3,3,1,627,13882,6891,1439,1833,38635,3161,8441,12176,3225,48,1290,1207,23699,12,4365,8771986,376,463,1957,71295,27605,107882,14097,241,9988941,299,,694,804,6650,15326,4778,3191,2870,15670,5668,23,31,1320,29461,44844,8015,8453,9753,1694,572,384,3860,3959,11193,3701,314,9,,1827,13401,777,95,358,3681,648,13226,21875,806,727,12361,760,13,177,1995,2009,7,10023,7093,73872,,419,3764,1626,165,754,3455,965,8,1621,225,50,112665,185233,,389,2315,5466,11,236358,157849,1644,12748,198,569160,96988,4129,13698,23685,1198,58066,7983,35432,217,14659,870,334,452,36322,74847,2229,4825,18976,24332,6145,271,14603,161375,145654,757,576,322305,9425,13897,709,2455,1012,832,613,2186,336,152,481,697,152,20026,499,800,600,3165,1451,1987,6279,4909,4994,10504,4180,50447,308,642833,2374,190,569,4545,2507
Sample 33,11/19/2020 16:06,Sample,10_1.D,Apis,ESL0323,1,10,4,2,297,14324,7487,1706,1005,19684,2953,7233,12344,11744,27,1912,2305,5909,4,4521,100693,381,759,3193,25221,8000,85732,5469,344,106437,330,,1104,345,6191,5044,2162,1922,6612,17837,5829,14,78,783,43455,76307,3579,2967,4678,1046,663,18,4168,4166,36,3928,221,6,6,815,27,303,1148,10,3387,1866,5998,9599,1160,1068,28,658,14,185,3521,410,19,21869,27914,90650,15,276,3406,831,224,418,1142,1162,,1366,31,65,46177,74653,162,518,1583,7562,7,183802,115207,315,29611,182,412392,58266,3184,30798,73012,2117,138391,3713,14421,172,34897,1140,585,127,53854,124386,3147,860,51930,37917,11010,315,6332,152794,146093,450,358,413262,15782,22066,798,1644,1907,689,1472,4527,298,205,929,1341,,19077,657,1050,722,4787,1788,2554,6193,2506,3572,6343,1377,431,209,532463,1524,76,900,3989,745
Sample 35,11/19/2020 17:22,Sample,10_2.D,Apis,ESL0323,2,10,4,2,422,14170,7150,1551,1324,25595,3391,7258,12344,9082,9,2020,889,8391,8,4515,98435,271,783,2922,35066,13736,94543,7655,704,105034,254,6,868,489,8636,7717,2129,2366,2734,12748,5677,9,44,1009,30148,46009,3486,4149,5581,1524,577,6,2195,2127,19,3179,313,8,,864,68,366,167,7,3611,242,6567,12462,451,2104,53,1006,4,129,2703,3565,,6974,5160,90007,38,342,4312,1334,330,559,1350,1271,7,1514,195,78,66388,110204,398,460,7426,7228,12,181049,117883,,15092,485,415836,59527,3421,12223,22858,978,77633,13952,19684,192,19554,2999,479,757,17465,62296,2117,10436,22875,30065,4535,293,7834,167366,164617,534,322,243510,12604,18462,687,4381,1458,1276,1668,2776,395,163,810,1451,124,19313,764,1112,884,5166,1430,2254,7452,2314,3980,7062,2147,43738,292,457008,3384,130,533,4617,679
Sample 40,11/19/2020 20:42,Sample,10_3.D,Apis,ESL0323,3,10,4,2,909,13772,7057,1638,1021,20162,3028,7314,12486,8748,37,847,832,6169,9,4446,99075,361,393,2486,27497,9093,130021,5319,505,106107,144,,492,616,6541,4589,1850,1969,2180,10458,5195,16,,1262,33744,56803,2744,3594,4254,1493,606,8,2032,1919,59,2253,165,,,921,30,756,391,9,3072,205,5490,10628,585,1353,62,635,19,140,2953,404,13,9102,8619,72575,13,162,2572,1170,340,338,662,1047,10,543,72,42,40286,64604,76,630,1325,5799,7,420870,280851,2258,46596,502,927410,143529,4207,27658,93015,1232,90953,4725,17317,,22394,1838,678,213,91471,204072,1888,1763,24999,31921,4696,282,21916,112408,101907,614,,267461,13276,19700,791,885,1370,256,997,3103,198,130,1208,773,120,18198,773,1032,959,2078,1100,1977,4686,2232,3337,6428,1318,30928,216,381522,2594,119,874,2807,2810
Sample 54,11/25/2020 18:30,Sample,10_4.D,Apis,ESL0323,4,10,4,3,389,11078,5982,1339,15415,809,2168,4990,9705,8500,,1131,826,7470,,700,91618,300,240,1590,18794,6813,56930,2766,425,111130,178,,854,350,3272,4716,1636,609,2094,8186,2547,7,27,744,13903,25279,17082,2548,3909,613,458,12,1830,1780,35,1311,102,,,591,24,277,104,5,1309,456,9289,6110,236,262,47,200,,38,747,222,10,5538,6326,47367,12,103,1075,452,,166,364,402,8,1141,49,,38444,25620,156,129,574,2389,,114168,78161,115,5327,106,235718,35298,,9538,12803,394,36957,892,6029,64,9820,297,46,30,12549,30264,,1558,16354,11884,2208,9,4165,44953,63582,248,422,63847,4871,6655,10,799,19,341,242,998,14,,82,269,45,18978,69,365,300,509,428,599,1285,602,25125,61891,1469,628,130,356665,1058,,422,596,219
Sample 56,11/25/2020 21:48,Sample,10_6.D,Apis,ESL0323,6,10,4,3,154,10928,6927,1271,11053,551,2097,4885,9479,6295,,491,316,5279,10,703,67801,24,86,1155,17461,6605,39219,2229,308,80667,141,,304,166,3529,2888,919,834,1050,2648,1683,6,8,219,7109,10786,10283,1865,2863,646,408,6,624,493,21,587,55,,,341,13,124,3039,,1862,,5448,4926,546,359,22,185,7,,1592,238,13,1724,1650,20081,14,556,1057,226,318,111,315,453,,444,9,200,107286,68256,1062,499,546,2409,9,55879,37732,336,3022,49,115946,16754,782,2993,7213,337,69190,1697,6232,43,17188,246,53,103,6640,16970,581,1137,18856,29246,1380,99,2614,48386,51416,400,373,53313,2365,3465,,885,33,422,136,432,22,34,71,618,55,16586,85,288,209,235,264,445,1459,761,1482,2364,604,15851,,239804,2583,1397,54248,1011,688
Sample 57,11/26/2020 0:14,Sample,10_5.D,Apis,ESL0323,5,10,4,3,199,11192,6104,1624,8178,504,2225,5185,9642,8502,,583,879,5065,8,814,71758,163,259,1310,17473,5790,42563,3272,274,82473,191,,209,122,1773,2822,1064,186,1686,3058,1615,14,7,183,16201,43996,6618,1767,2542,774,405,7,851,745,56,1085,17,,,382,54,268,218,5,756,6,4521,4966,,201,45,105,8,24,1661,70,,5198,5610,56121,12,124,793,148,49,83,160,279,,665,13,14,51129,31907,487,154,133,2422,,79523,54573,1233,2803,79,111603,15475,1726,15200,20643,329,52987,865,6542,177,16264,167,23,41,6124,15079,408,1145,25639,6316,2371,97,2470,68756,69542,514,349,46434,7456,11294,,174,,,529,1823,9,7,74,254,61,15582,115,352,313,450,284,521,239,305,4326,10651,654,8938,138,387689,305,70,78,77,135
Sample 82,12/2/2020 15:08,Sample,3_1b.D,Apis,ESL0323,1,3,3,4,799,16525,7720,2165,23871,1172,3229,6564,14194,11488,6,1733,1706,20162,,844,102691,,943,3845,68520,25210,80980,7193,640,117017,618,,1621,429,4801,7575,3701,3460,4967,12993,6243,,33,513,42866,88964,4945,6347,5424,996,640,17,6193,6284,147,4131,242,6,,1160,69,605,422,8,4138,1267,7337,19133,1545,454,80,723,16,210,2402,287,10,23243,17685,124758,13,275,3192,496,83,482,782,1404,,1042,16,33,39969,25075,29,516,538,7663,14,178465,117560,404,11645,158,434702,64225,1755,37349,37326,1615,138881,2254,28372,86,46155,537,482,132,39213,96368,1040,3023,75781,48185,6185,199,10832,99243,226803,398,3475,295640,17584,25096,83,715,,409,1592,4823,129,121,149,668,116,24882,64,1122,974,1075,1592,2419,5590,1706,3222,5212,3457,18634,418,749945,2789,131,836,3611,609
Sample 89,12/2/2020 19:54,Sample,3_2b.D,Apis,ESL0323,2,3,3,4,738,16301,7761,2122,33762,1669,3168,7875,13760,10300,9,1805,853,18126,13,1269,113453,336,517,2587,69799,27714,148541,9556,1748,135402,252,11,1321,983,9998,8782,3814,4818,3094,11195,6591,14,61,1362,30706,42211,4984,7556,12559,1736,756,27,2052,2087,229,3242,271,,,1248,152,1522,336,,4170,55,8320,21134,654,2037,157,1086,,182,2587,2003,11,9804,9775,125651,,437,4159,1670,282,923,2841,1363,22,1664,145,80,148780,86998,307,724,2809,6652,,197865,134378,467,8146,268,361669,50762,2501,13045,18191,1603,71957,10703,34176,505,22530,1397,1260,829,23027,44220,7575,2195,32478,29115,6454,218,7800,84693,134710,663,1166,233015,11054,12347,35,2534,,1217,736,2046,146,84,656,270,411,28645,424,641,613,1275,661,1925,5562,2396,3183,5850,2574,582,68,388578,1831,,451,3459,446
Sample 100,12/3/2020 2:48,Sample,3_3b.D,Apis,ESL0323,3,3,3,4,538,17218,7929,2166,26669,1391,3688,10301,14282,7126,40,1193,621,17528,29,1515,101004,511,575,2605,74971,25343,64130,7125,1030,112638,341,9,815,682,3570,7942,3236,927,1466,7991,4468,,23,973,19567,41211,2830,5835,6701,854,590,7,1986,2141,218,549,175,,,898,136,789,630,16,1611,112,6658,17367,362,756,21,285,10,67,1954,1330,,6553,5962,90894,7,111,1612,605,155,402,901,798,8,786,96,12,22776,13613,39,214,3471,6802,7,126396,71257,,5391,131,222347,30031,1329,11508,23147,901,40837,6452,22495,145,17565,1321,39,737,17260,35239,6753,992,18259,15847,4531,99,5063,82344,113659,652,697,23965,8334,12127,9,614,,301,738,1720,13,8,351,864,,25630,141,645,482,176,440,996,533,624,2640,6022,2592,27063,180,313694,176347,3479,,770,306
Sample 21,11/18/2020 22:44,Sample,7_4.D,Apis,ESL0897,4,7,3,1,417,13871,7245,904,2149,46091,3655,9376,12279,3221,456,2126,1635,32362,923,4340,9090028,4111,363,1966,98647,38581,140036,20212,4781,10397214,760,1390,1339,619,9173,22116,7305,3925,3248,10256,6630,142,,995,31762,60012,10170,10370,21234,67874,1532,531,11173,11959,12624,3810,397,12,,846,12991,1203,1215,502,2694,159,26987,27691,793,711,13044,822,652,7552,5473,990,12,10505,5046,77373,689,575,3436,2101,336,2656,3379,1327,598,2782,441,298,91158,153109,1055,620,720,5721,12628,200480,134621,6435,11361,3014,577569,93962,6070,22520,23002,1866,67211,4861,49051,4290,27326,1086,,412,20643,39921,3686,6007,33937,24049,5640,539,15202,169846,157167,61112,281,387255,15263,22091,1141,620,1848,386,4620,3430,509,183,467,150,217,20914,457,1064,806,4167,1960,2423,8653,3152,3741,6303,3745,62881,219,294933,511,,668,5728,840
Sample 24,11/19/2020 0:34,Sample,7_8.D,Apis,ESL0897,8,7,3,1,668,14431,7843,1621,2574,56443,4224,9379,12428,4259,659,710,1196,33830,391,4437,8420232,6148,241,1795,91142,37954,145783,19839,2900,9557747,669,468,769,873,4978,21925,6795,2222,1432,10897,5768,193,9,1351,31889,66258,6158,9973,16499,67345,2267,439,9007,9206,15529,3138,885,43,,925,15664,1664,1199,486,3282,513,18172,27564,867,537,15146,1084,251,3356,5623,9490,6,13026,7340,72435,466,685,4152,1720,354,4394,3396,1106,701,1579,2245,855,115842,195800,1741,503,8685,7152,5506,377535,250378,969,4719,2462,860852,144635,15075,20808,26323,968,51544,18452,57439,3743,16049,3411,5,2644,15949,14237,1888,27332,19702,16496,4344,426,24848,138543,143977,48255,391,280386,13440,19083,738,1511,1470,683,2203,3577,414,114,649,1225,165,20445,603,1291,1133,1574,1596,2235,4785,5081,8541,20012,4035,62158,298,551496,2983,161,1061,4439,3493
Sample 27,11/19/2020 12:04,Sample,7_9.D,Apis,ESL0897,9,7,3,1,705,14276,7661,3154,2931,59696,2632,8860,12389,5403,1476,2957,2566,30781,1258,3475,8578384,14147,676,2608,80855,33485,126013,22933,971,9646327,395,1097,1946,722,6127,20496,6826,1886,6797,17542,5470,258,31,1278,52811,102035,5569,8958,21253,99909,6334,213,11637,12136,2608,4432,2852,23,19,1142,2922,252,44,180,6255,3181,18867,24142,1427,1161,2985,877,725,7662,5164,1388,10,22097,24446,80009,640,495,3519,1826,42,2481,4199,1578,147,2288,514,63,71899,121378,921,407,1112,9865,4387,395628,241239,3078,4990,3849,657713,98890,6145,42181,88738,1745,141369,2438,45446,5454,32125,1020,17,51,7590,14372,3834,3826,49608,43025,8596,95,11883,196317,176472,104215,28,394734,19300,29449,924,3932,1889,858,1912,5700,443,58,1236,1227,284,20760,761,1465,1127,5013,2059,2555,8257,5392,3501,6086,4048,531,227,579405,3770,51,994,5300,741
Sample 44,11/19/2020 23:08,Sample,14_1.D,Apis,ESL0897,1,14,4,2,534,13175,7552,724,1305,26829,2881,7847,11820,7151,645,819,812,7788,352,4506,93633,5830,215,2277,32250,12234,85153,10498,4306,100939,324,129,320,582,3984,6691,1929,1518,1835,9532,5052,96,69,1220,18483,30748,1768,3113,8626,41476,2332,12,6135,5898,58,1603,429,,9,369,85,527,31,7,2674,1559,5002,9633,233,430,43,495,170,1763,2152,2554,,9027,6143,67181,53,391,1826,1083,93,1432,1135,674,269,816,1120,46,143009,224102,2877,247,6645,5373,3834,253356,170025,2466,6537,1790,444237,65068,5199,8329,20522,606,32348,7305,15601,3085,12762,1193,,841,913,18822,980,11950,17413,11522,3442,98,10343,104353,100308,33873,75,224739,6197,8965,141,1489,494,1047,575,1356,104,55,342,1024,189,17193,413,491,476,2239,815,1162,2747,4710,2878,5909,1011,26025,164,431768,1208,235,648,1966,2992
Sample 48,11/20/2020 1:45,Sample,14_2.D,Apis,ESL0897,2,14,4,2,1124,12864,7239,662,778,14714,3000,7777,11466,6176,512,717,702,4655,161,4003,92651,4945,460,1983,20754,6867,43785,4038,1649,101863,443,840,579,1258,5007,3223,984,2076,1411,4637,3261,68,14,2559,19996,37158,1890,1885,5344,17308,1197,8,5058,4450,125,1402,1081,31,10,671,98,568,4689,11,2560,11,6208,6402,479,277,99,446,88,1217,4571,347,,7832,12052,58920,177,210,1313,657,382,1205,240,742,216,798,158,280,23813,36896,254,501,2597,4187,6632,273586,181498,1898,2211,1212,586109,88032,6224,13150,36754,646,63407,2050,9197,2128,18713,206,,160,750,4545,1634,2957,33677,25235,2378,292,15150,108613,135192,27169,292,137142,7975,11290,481,1083,805,837,795,2138,75,12,238,777,55,17269,295,460,465,1736,721,986,2276,1261,2762,5261,1267,3672,257,338175,1419,142,845,1848,2023
Sample 51,11/20/2020 3:46,Sample,14_8.D,Apis,ESL0897,8,14,4,2,424,13550,7010,1576,1347,28049,3274,7736,11683,4639,151,215,459,11213,137,4199,93183,1586,59,1836,49227,17408,98073,9690,1899,102358,392,245,239,242,3542,7417,2375,1527,830,5265,2056,28,8,505,6285,9209,2314,4680,7918,15468,690,15,2471,2440,184,784,96,10,,303,148,1112,241,8,1364,27,5799,14398,143,23,59,235,128,1702,1013,438,,2282,2055,54077,76,172,662,1107,134,637,929,321,144,757,331,64,51218,78704,808,166,3028,3667,4261,119753,80592,491,1756,714,280845,40253,9634,3868,6003,240,15877,1353,23835,1637,5768,265,,266,1183,4557,401,2101,7040,6422,2391,19,6787,26182,38236,11867,,62749,1759,2418,231,974,336,473,267,387,92,,107,419,247,17149,242,122,134,832,340,375,1249,1551,6131,14648,1314,182,49,490795,695,,63,775,358
Sample 66,11/26/2020 19:26,Sample,14_9.D,Apis,ESL0897,9,14,4,3,122,10951,6183,686,8089,475,2104,6604,9491,4900,62,426,301,3963,90,502,64778,,141,1205,13709,4860,32940,2568,852,77205,130,19,237,177,1748,1803,698,672,902,2474,1459,12,9,305,10038,23059,2997,1116,2269,8501,663,8,2197,2032,64,512,347,,9,101,25,177,189,8,1152,233,2189,3328,226,137,38,206,72,1095,1164,198,,3449,4219,22357,9,58,573,151,61,362,110,321,54,399,110,8,14302,9171,67,60,235,1722,2957,214204,148932,531,829,529,408082,62985,4232,9497,23470,263,30774,1429,3538,730,8722,127,,42,575,3343,1174,616,13666,9259,1052,14,8833,31287,38378,10235,398,34513,3065,4485,44,249,,68,213,807,,,64,67,29,14010,9,325,180,441,222,415,599,380,2871,6717,541,7230,127,263226,1278,196,143,361,1010
Sample 73,11/26/2020 23:53,Sample,14_10.D,Apis,ESL0897,10,14,4,3,57,11042,6250,437,8144,392,2387,7097,9612,6239,73,595,450,4016,98,680,80370,14,150,1395,15763,5666,36229,2883,1035,100875,78,211,289,255,2630,1870,681,1071,1196,2863,1513,15,21,392,13199,29699,1447,1363,2379,10496,827,14,2225,2217,170,627,437,,,93,25,571,266,7,1433,238,1841,4109,266,198,139,220,74,1273,1562,162,,4325,5504,36052,21,75,577,353,76,415,82,373,148,575,89,32,15635,9698,90,72,447,2832,3673,260436,180132,945,1012,578,508525,78598,5264,11800,28542,284,34300,1509,4919,899,9656,193,,122,,4103,1508,690,15095,10805,1161,81,12577,34266,49993,10832,559,82871,4022,5665,22,237,22,200,327,992,52,,50,74,36,14606,57,344,309,399,296,596,769,469,3537,8270,717,19045,114,328495,1796,319,306,812,1457
Sample 78,11/27/2020 3:08,Sample,14_12.D,Apis,ESL0897,12,14,4,3,160,11499,5704,256,14159,650,2219,7551,10118,6652,28,527,1279,6936,821,607,69611,,169,1610,21893,8058,43308,5767,758,79937,62,77,445,99,2984,2118,815,1491,1378,3521,2441,33,11,185,16227,33243,2626,1436,4156,16234,1316,9,2725,2461,91,780,492,7,,92,71,384,,7,1246,1879,2390,4803,182,373,8,233,180,2224,1111,79,8,4123,3934,26222,,56,1016,296,9,560,293,504,92,663,22,47,17568,10862,144,183,69,3573,4521,101657,71441,1692,1380,445,139506,20228,1927,9795,18365,316,42614,572,6406,1130,14412,35,,18,1788,6342,379,1118,17138,13420,1705,11,3468,107954,98397,8203,877,81135,5392,7512,,98,8,83,431,1075,14,17,27,162,23,14818,71,349,303,830,468,625,1138,751,1473,2597,519,5874,,200774,356,38,487,894,209
Sample 86,12/2/2020 17:48,Sample,7_1b.D,Apis,ESL0897,1,7,3,4,612,16444,8107,1765,36207,1651,3112,7991,15178,13431,370,2317,3552,24333,3184,1173,107304,2840,417,3836,83644,28534,105516,8596,11081,116093,548,1278,1117,990,8304,10046,3679,2718,5193,12332,5107,,,1364,45339,93392,3976,5575,13758,48521,2238,20,8476,8617,12,1818,431,9,63,923,40,329,1995,16,3038,174,19649,18764,986,658,39,911,332,2728,6645,661,27,11514,7687,74881,13,435,2095,572,108,1796,1134,1529,124,1112,113,247,132089,83422,1257,740,560,8676,4077,354198,234956,8006,6775,1936,563914,67795,2062,23046,44576,1362,115328,2278,29982,2810,42760,549,,,8074,31431,2059,2766,53887,26789,3763,248,9278,391903,297814,38185,1480,215171,12836,20539,23,183,7,58,2181,3061,196,168,108,100,212,28361,112,1070,720,51,1421,1827,4507,1750,2298,3443,2340,44970,259,401796,626,52,661,3918,905
Sample 93,12/2/2020 22:20,Sample,7_2b.D,Apis,ESL0897,2,7,3,4,701,17407,8452,1097,51045,2614,3208,9423,15075,12004,1161,2390,1669,30485,1031,1545,106143,9568,496,3837,105292,43117,114680,16191,3417,127298,235,438,1936,866,6985,14238,5521,1540,6228,22976,9937,69,16,1626,39262,77262,4296,9304,14754,65988,6999,23,10407,11190,97,3655,1083,,11,838,66,650,21,18,4904,9566,15214,25810,753,826,87,1071,1002,10396,3517,3634,14,17842,17117,83223,,369,3947,2076,64,2922,1347,1772,399,2176,801,,92621,52412,520,316,3243,14064,4740,875118,620560,1263,3294,1774,1866989,301854,9237,28338,53088,1844,69437,9601,46741,5958,23765,2021,,969,5525,15820,14083,2208,33183,20670,4306,10,39014,305994,264642,30303,1360,376801,13960,20289,,3662,74,1400,925,3112,175,45,1400,1430,282,30713,1214,1192,803,224,1225,3017,3202,3304,7930,17109,2572,30650,383,507396,7778,2887,6762,3183,18897
Sample 96,12/3/2020 0:22,Sample,7_3b.D,Apis,ESL0897,3,7,3,4,677,17690,8916,2240,25673,1141,3338,8656,15495,10278,287,2205,2499,22291,825,1876,100145,2059,466,3437,77914,30575,101108,9222,2464,118103,821,1583,1049,1407,5105,10081,4126,4005,5141,7958,4741,24,11,2652,43683,104770,4715,5402,10586,35292,1035,25,9463,9711,129,2176,489,35,,872,25,550,6519,8,3932,14,15349,16891,527,871,81,774,430,5269,6234,728,11,12487,10276,89769,18,465,2280,521,237,1703,599,1147,217,914,422,424,118305,67036,631,605,669,10502,3473,369151,253730,4608,2547,3672,668554,76824,4416,25394,66653,,116453,2693,28246,2920,40487,671,,203,1818,5880,3434,2584,54874,29684,7999,365,12124,194547,161895,71525,907,161455,19147,28179,50,172,85,,1377,2982,133,11,54,180,43,22391,111,915,822,608,1089,1777,4014,1580,2423,3789,2490,596,94,381873,1484,,427,2989,659
Sample 29,11/19/2020 13:21,ISTD,ISTD_2.D,ISTD,ISTD,NA,0,0,1,136,13812,7034,1607,84,683,2654,5454,11487,466,12,,326,2891,7,3197,8001905,,,818,1313,593,468,343,1180,8708190,34,,10,19,,209,48,8,,6,6,8,10,8,21,55,331,126,142,36,5,16,51,6,6946,,8,,,,3969,,,35,4,4,72,28,20,,3580,,,9,,,,11,20,20,8,7,,,,,12,,,8,,12,81,9,,,,,,38,38,,,,1263,230,136,20,129,,23,,9,4,14,,,,,4,17,,6,10,,,82,,8,29,,,,,,,,,,,,,,,7,11579,,,,82,,,109,22,229,663,,9,,115,9,,8,17,13
Sample 101,12/3/2020 10:27,ISTD,ISTD_1b.D,ISTD,ISTD,NA,0,0,4,189,16660,7651,2355,694,157,3282,7227,15116,,17,27,336,324,10,1461,120436,30,,848,350,156,370,511,12,128725,30,,,9,10,126,33,7,7,7,13,,,5,20,,273,,90,7,5,7,,,514,,,,,,118,,,,11,11,51,25,,,93,,,7,,,,22,15,10,7,,5,,7,,9,,,,,8,13,22,,,9,,,75,37,7,8,,332,57,48,,10,,9,,13,7,16,,,,,,,15,,5,,,5,,8,13,7,,,,15,12,,7,,,,,,10,8,15715,,,,51,,,51,,282,549,11,12,7,68,,,8,,11
Sample 5,11/18/2020 2:45,Sample,6_3.D,Apis,MD,3,6,3,1,612,13407,7312,4949,802,15817,4896,13896,12369,12317,13,566,5730,15895,1058,1910,8425195,3428,784,3260,36889,15436,92937,12700,3858,9458173,1438,1449,2970,2141,8898,9989,3795,18061,5137,11569,6271,5260,480,4275,32447,71745,8585,4362,87021,72052,1624,29934,12866,12940,328877,3867,444,22,21,838,33863,6622,9413,29259,5963,10,2775,12114,744,880,31378,855,511,6244,7405,867,,13646,10695,231881,817,793,3686,1715,326,2521,,1172,3391,2793,462,496,82072,139641,1719,823,3138,19304,4197,205003,147736,3325,3015,3220,434803,73246,2724,34142,40900,2018,67978,3411,17781,3274,25097,907,,754,8685,11278,3913,6139,27374,23812,6446,804,5968,20757,156211,58119,902,342930,21835,27259,1501,234,1668,91,2665,4536,20,,270,232,283,20673,430,1620,1034,1707,1361,2929,8612,1848,10722,25962,2214,30343,666,676711,198,,5923,3825,469
Sample 19,11/18/2020 21:31,Sample,6_4.D,Apis,MD,4,6,3,1,5706,14156,8585,1833,1929,41485,3608,9025,12151,5317,791,2757,1319,26233,576,3692,8567941,7811,385,2280,61637,27052,89697,16992,3035,9726242,1536,1281,1749,3555,8786,17865,5746,3552,4625,12970,5922,129,,7513,40371,83344,10457,6725,18340,54241,1933,364,9866,10400,10072,2884,734,37,75,3507,12755,694,9082,345,3570,10,29424,17833,1122,655,11459,659,227,2358,7071,679,69,23818,24925,92831,734,1631,2741,1094,431,1975,2382,1049,446,1704,301,506,227541,390977,4337,1274,1096,9424,10530,435990,293181,6283,6859,3049,828588,137884,12220,25915,87451,1343,122757,3268,33415,3732,34389,751,,310,10189,20750,3608,4403,55737,35249,6050,661,22152,265087,234540,61577,264,282583,13773,19039,737,99,1857,234,1712,3361,390,94,268,510,129,20342,322,933,870,1832,1576,2008,6782,2151,5676,12611,3513,489,363,530100,1239,140,407,4995,586
Sample 23,11/18/2020 23:57,Sample,6_5.D,Apis,MD,5,6,3,1,2422,14044,8343,1402,1909,38432,3328,8893,12683,4220,849,1890,923,22898,205,3974,9047889,7222,373,1458,63405,25200,92839,13417,4031,10281342,1396,1526,893,3004,10790,15788,4789,4228,2902,9271,5994,136,28,6545,35550,51211,11544,7261,18833,53920,1749,503,12732,12841,12064,3298,821,29,103,2123,13755,770,12790,453,4881,18,28435,20013,1485,689,12953,934,394,4205,6603,2687,,9649,7852,67220,1015,2593,4348,2240,467,3203,3103,1506,449,2771,1089,844,272094,468037,6335,1361,4584,5531,9574,265795,176306,1647,5917,2407,714632,116885,6550,16955,30488,1649,138999,7169,35853,3766,31977,1516,,660,11873,17555,3159,10252,39121,58806,4200,871,19919,207083,181126,56522,528,393798,11303,16928,771,2981,2138,1028,2701,3078,931,141,644,893,296,20886,885,1037,1025,4834,1968,2538,9568,2846,3692,6770,3589,22299,523,481757,2381,182,593,7175,1038
Sample 26,11/19/2020 1:59,Sample,6_6.D,Apis,MD,6,6,3,1,1307,14542,7669,1127,2389,49343,4056,9474,12715,2829,599,697,619,30551,141,4216,9057867,5578,156,1631,76942,32524,102171,19811,2560,10290047,577,669,703,1617,5531,20978,6690,2456,1519,7446,4097,153,29,3070,13627,21856,10312,8567,20048,33341,1452,553,5468,5487,16923,1441,367,10,14,1098,17130,1088,4306,550,2464,7,23905,22381,707,206,16167,463,141,1521,3102,1189,8,4220,4058,76299,278,414,1552,2563,387,1345,4797,618,327,2339,427,243,59149,101785,1049,600,5316,5170,3275,660817,445725,2687,5834,982,1411099,243453,23714,10030,21906,417,44550,3031,42066,1395,13783,602,,358,10269,21403,1428,3678,14405,18674,1757,311,41939,98901,100580,20996,135,251536,3637,5515,67,1134,532,347,991,1108,345,79,326,470,224,20009,554,384,374,1659,625,984,2814,2132,11517,28783,3059,34448,165,530436,3514,2384,3122,2754,16613
Sample 43,11/19/2020 22:31,Sample,13_1.D,Apis,MD,1,13,4,2,746,13927,7955,869,1052,20349,3019,7831,12139,6709,524,633,1310,10897,421,4344,92645,4258,147,1864,42586,13940,97070,6772,1434,102255,479,236,270,788,3258,7012,2330,545,2192,5384,2328,65,93,1986,18545,41398,4969,3887,8218,22966,828,,3564,3382,65,948,526,10,11,638,75,675,2185,7,1460,,11286,12445,126,141,30,258,91,904,3135,234,8,5818,5823,82222,70,195,759,481,102,720,630,552,104,759,59,137,35003,55773,571,279,774,8153,2710,362283,242077,4303,3312,905,603505,87700,6737,13773,32090,,61772,2424,21365,1519,13530,125,,187,4613,7738,1576,2356,21161,11234,2239,302,13166,106594,117215,15823,216,121899,7984,11939,416,171,184,125,788,1778,59,8,218,427,,17253,215,412,416,479,490,817,1050,599,5207,10941,1496,26354,185,400896,194,241,6514,854,628
Sample 47,11/20/2020 1:09,Sample,13_2.D,Apis,MD,2,13,4,2,890,13236,7576,286,680,13402,2768,7047,11314,3135,211,218,445,4202,62,4012,87681,1418,52,1501,13278,7011,145213,6876,829,96051,128,145,162,680,1221,2583,819,475,301,6720,1275,13,8,1398,4611,8259,1301,1340,4828,8836,1057,10,1123,1115,84,349,1217,,,421,58,906,915,7,531,7,5365,3924,,55,73,76,15,256,587,541,,1941,1625,72079,14,32,322,617,,255,278,96,46,668,47,58,23858,36144,506,16,1418,2880,439,125934,85062,428,331,270,226384,30957,5550,2652,4917,139,7419,2243,4093,716,2268,176,,239,1777,957,116,4141,2925,2599,484,,4638,7870,10540,5911,23,5951,1119,1617,28,589,,182,28,275,7,,103,228,22,14915,222,93,117,290,102,205,451,362,13011,29867,878,48544,40,256948,483,1161,221,109,1249
Sample 50,11/20/2020 2:58,Sample,13_3.D,Apis,MD,3,13,4,2,361,13008,7317,1634,672,14454,2941,7169,11481,2589,93,160,356,7542,76,4024,85854,730,30,1481,28846,9721,47685,5859,577,93103,77,82,123,457,995,4458,1282,323,238,2946,692,10,18,941,2911,5286,1982,2603,3954,3243,405,6,600,576,93,191,59,,,278,97,489,527,,224,4,3627,7519,117,15,88,22,7,61,605,49,,1694,2009,44069,17,43,136,360,33,91,191,63,35,500,,5,11833,18153,203,52,852,1926,156,208322,141810,3326,1568,186,391306,56416,14673,2336,6581,20,14388,323,10775,186,3344,,,58,1676,3360,386,474,5174,3306,416,,9526,5398,8388,3504,72,1310,929,1459,19,12,,33,28,258,,9,12,16,,15206,135,72,44,219,58,145,,143,4125,9382,1115,86224,,263649,2163,52,,44,559
Sample 67,11/26/2020 20:03,Sample,13_4.D,Apis,MD,4,13,4,3,177,10805,5893,822,5874,335,2081,6243,9087,1740,24,233,306,2317,20,591,26328,14,35,583,9618,3167,25326,1950,493,29798,267,170,236,304,914,1690,526,478,434,2010,1149,5,6,418,3808,5888,2223,719,2221,7029,378,8,1254,1179,49,371,51,,,85,,170,1001,,761,,2244,1879,111,46,11,101,14,777,592,105,,1160,957,24175,5,86,318,127,69,203,117,191,31,363,16,15,15481,9918,219,116,472,1406,278,454121,312130,832,1196,418,837927,134486,3486,2178,2874,176,6079,719,1782,506,1893,,,71,2316,5872,1033,153,2365,2836,632,4,19977,5461,8600,7340,131,22758,1166,1474,,71,,23,75,240,,,33,54,27,13160,65,113,96,22,67,292,,319,1391364,4061296,37,12227,26,194751,286,937,423,86,2531
Sample 71,11/26/2020 22:40,Sample,13_5.D,Apis,MD,5,13,4,3,470,11137,8161,1395,10699,538,2237,7445,9498,7074,18,1153,719,6812,387,592,100459,,273,1095,28884,9177,29112,2835,2669,118001,409,635,554,1178,4299,3442,1384,1396,3607,2492,2127,20,63,2477,14784,28506,5319,2528,7634,16418,727,12,4030,3618,112,1317,785,7,27,551,192,412,5651,6,1710,,9530,8613,532,269,133,245,97,1288,3919,330,14,5811,5279,40947,14,343,979,408,294,823,375,663,12,573,66,311,64384,39470,739,861,427,3025,1383,159390,110036,10921,4401,817,247102,37208,2623,10348,17157,612,153651,848,12456,1208,28276,194,,119,10419,22496,1299,3303,48462,30368,1530,232,6219,98062,114807,16380,1236,132740,8349,11840,,230,41,126,695,1389,80,14,77,320,135,14767,80,493,379,175,621,914,2225,1016,2878,5309,1374,898,199,230488,1048,34,50,1632,188
Sample 77,11/27/2020 2:31,Sample,13_6.D,Apis,MD,6,13,4,3,582,10609,5973,1111,7439,425,2367,6761,9454,6653,52,252,421,3100,90,586,101964,,142,1241,11697,3903,31868,1615,551,117061,71,65,44,415,823,1389,505,463,438,2261,795,7,6,627,3792,7149,2227,1059,2387,2937,390,6,508,486,290,150,84,5,,154,252,621,701,6,426,,1875,2871,54,47,175,5,9,154,409,62,,1168,1083,28601,9,17,144,87,,67,126,95,65,158,,14,10460,6635,190,21,478,1607,82,127842,90271,231,121,142,260432,38111,4191,2313,7251,206,6788,342,3288,477,1940,35,,23,539,426,461,63,2680,2604,556,,5682,4788,11044,3424,157,6377,726,1133,16,211,8,70,44,185,,,34,40,32,12324,28,53,,,18,84,59,164,1579,3719,520,219,23,196707,514,98,556,,1496
Sample 85,12/2/2020 17:10,Sample,6_1b.D,Apis,MD,1,6,3,4,1594,16256,8864,1500,36942,1896,3205,6099,13680,7861,271,1374,1295,27398,781,961,108018,,315,2452,128385,41758,165692,9075,3427,135506,1323,995,1047,1542,14334,10100,4912,3754,3091,10957,6174,78,65,2409,34493,59700,8405,9611,14196,45077,1648,14,10067,9914,127,2726,519,12,64,1079,64,725,9178,6,4867,22,21328,37622,2066,439,70,597,777,7737,5260,694,9,12768,11687,58173,,1781,3200,1674,1336,2385,1775,1486,234,1450,459,526,307898,168576,4861,2538,3978,5273,6943,505397,340410,10937,13594,2455,995893,153703,8154,27264,53024,751,62454,2446,58130,2722,21154,,,277,36226,86263,4185,2181,29304,33405,6129,531,21585,130581,173392,67631,1918,257163,9590,13486,18,2166,59,1238,2557,2581,445,210,836,700,572,22633,685,934,722,1285,1605,2415,6906,3074,8928,19359,1620,143716,550,690344,1065,128,1831,4797,4882
Sample 92,12/2/2020 21:44,Sample,6_2b.D,Apis,MD,2,6,3,4,2446,16413,8868,2792,30771,1487,3164,7681,15131,11198,534,1876,5431,18887,1926,1633,99172,6945,457,2979,77310,24982,84429,6487,3322,106454,882,855,1762,2502,8108,9154,4079,1969,3977,11650,7682,,13,4276,43877,108021,5581,7647,15616,46296,2369,17,9293,9232,188,2831,1798,9,50,2003,77,803,7900,,4307,7,17112,20160,808,1257,111,695,781,7763,8864,414,55,28063,19391,91781,,392,2521,1540,277,1717,1154,1497,305,1251,215,1197,60279,35593,110,803,1591,11032,1367,760168,545500,3812,2500,1671,1085974,212269,16833,48361,86676,2149,64858,3209,37913,3855,17759,866,,295,3266,11903,2990,2995,21504,16205,3101,478,26615,227282,240399,33087,1943,337475,20595,27354,30,221,31,183,3306,4531,124,110,491,799,119,28144,196,1245,949,388,1353,2365,3285,7879,11248,28467,2445,2275,715,888177,4503,202,880,3350,1621
Sample 30,11/19/2020 13:59,QC,QC_2.D,QC,QC,NA,0,0,1,949,8304,18045,1254,1646,36218,1520,4577,6730,2502,222,1048,1022,22772,510,1941,5696403,901,231,1190,66058,25688,88498,16641,1312,6473936,263,365,774,615,4260,14219,4678,1040,1810,7842,2921,95,313,1014,19541,39468,6279,5548,10118,30473,854,15,4874,4939,2748,1728,920,47,111,836,2364,222,1337,58,1999,1070,12824,14516,412,348,2064,439,179,1790,2335,873,,6924,6409,74799,105,210,1549,963,46,1169,1814,657,72,1651,314,280,29690,49300,53,234,1420,5297,2336,282427,173194,1312,3053,1495,629665,90314,5023,15853,29888,509,45613,3382,22944,2226,12713,410,42,248,5786,9839,1234,4681,18231,14469,4088,199,13241,90836,81973,26599,58,152161,6367,10010,418,613,394,266,592,1638,37,8,374,696,94,8942,383,437,381,1540,589,1178,1211,1098,21497,53680,1238,279,102,225498,1323,,244,810,948
Sample 45,11/19/2020 23:56,QC,QC_3.D,QC,QC,NA,0,0,2,882,13326,14760,1311,944,19061,3329,7976,11433,4584,59,641,804,14721,478,3917,43740,,199,1816,49024,21079,41540,6896,679,49715,74,218,420,384,2775,6150,2210,1532,1387,3586,2122,27,102,575,11965,25012,2248,3219,4794,11625,478,11,2533,2450,50,833,681,68,70,460,29,356,831,,1512,901,4860,9317,233,228,20,259,89,1115,1593,454,,4140,3833,33450,37,96,795,340,52,627,334,414,72,504,166,108,14951,22343,19,155,1565,2507,1246,159489,107987,916,2005,755,376274,54022,3924,8891,15663,282,33821,2101,14140,1211,10045,315,,218,738,5240,1025,2638,14050,11104,2037,64,8866,45192,54433,12905,124,30026,3647,5523,77,358,55,131,343,982,10,17,114,231,,16954,151,289,265,882,278,579,950,924,9131,21086,806,178,87,97544,545,,164,389,459
Sample 70,11/26/2020 21:52,QC,QC_4.D,QC,QC,NA,0,0,3,712,11044,17675,1167,31101,1483,2298,6528,9799,7812,64,948,910,26369,536,725,110165,,258,1423,77250,36956,65184,11817,1314,128491,228,318,685,432,3475,11492,4372,1311,1921,5620,2796,15,163,957,16446,34117,6156,6197,8919,18805,691,11,3869,3825,66,1280,1086,49,87,686,126,560,1382,,1982,808,11321,15625,417,314,8,332,195,1788,2034,818,,6049,5332,48619,12,142,1255,544,50,952,909,532,134,1266,250,446,33781,21713,,269,996,3771,1864,210019,143883,,2364,932,499002,78342,7023,11894,20931,691,41936,2817,24345,1505,12799,580,13,153,6312,12183,3497,1208,17181,13395,2778,201,12290,61715,70714,17366,671,153313,5860,7934,40,712,16,309,417,1288,144,60,196,176,203,15992,207,370,365,265,474,825,1541,1581,9429,21563,1208,5677,118,109208,521,117,473,1031,714
Sample 87,12/2/2020 18:26,QC,QC1b.D,QC,QC,NA,0,0,4,1345,16199,28402,1357,52438,2432,3113,7702,14062,8368,224,1699,1555,54569,963,1538,109714,,511,3158,166006,81917,123081,19259,2467,124236,399,608,1284,1091,6573,18956,7548,2543,3521,11029,5219,46,114,1867,33369,66527,7575,12033,12752,32325,1206,17,7938,8048,86,2825,1779,90,219,1032,60,336,2065,5,3107,1430,20666,32083,796,659,45,698,335,3615,3656,1432,9,11987,11323,67925,36,391,2484,658,56,1905,1267,1199,92,1107,413,628,75759,44319,108,455,1307,5768,3092,362387,252524,1639,4403,1603,919660,168359,8147,25360,47428,1165,78904,6283,48262,3072,20848,843,52,468,10838,22221,5868,1745,27370,21276,4687,405,18983,158764,145247,34675,971,300378,11443,16492,32,907,,386,796,2131,208,134,331,505,201,29279,295,555,552,241,960,1470,2413,2719,12466,31271,1623,16892,17,184326,1128,34,662,2009,1024
