Type,Date_Smet,Nle_Resp,Sample,Condition,Extraction,Smet_Batch,Nle_med,Nle_norm,LB_Nle,UB_Nle,Decision_Nle,Date_SCFA,Ival_Resp,SCFA_Batch,Ival_med,Ival_norm,LB_Ival,UB_Ival,Decision_Ival
Cal,2020-02-20T14:22:00Z,19688,SUGAR_CAL1_J,J,L,A,19176,1.026700042,-9530.374149,47882.37415,ok,NA,NA,NA,NA,NA,NA,NA,NA
Cal,2020-02-20T14:59:00Z,24356,SUGAR_CAL2_I,I,L,A,19176,1.270129328,-9530.374149,47882.37415,ok,NA,NA,NA,NA,NA,NA,NA,NA
Cal,2020-02-20T15:35:00Z,26380,SUGAR_CAL3_H,Gi_P,L,A,19176,1.375677931,-9530.374149,47882.37415,ok,NA,NA,NA,NA,NA,NA,NA,NA
Cal,2020-02-20T16:24:00Z,20840,SUGAR_CAL4_F,Sn_Gi_P,L,A,19176,1.086775136,-9530.374149,47882.37415,ok,NA,NA,NA,NA,NA,NA,NA,NA
Cal,2020-02-20T17:00:00Z,29336,SUGAR_CAL5_E,Sn_Gi_SW,L,A,19176,1.529828953,-9530.374149,47882.37415,ok,NA,NA,NA,NA,NA,NA,NA,NA
Cal,2020-02-20T17:37:00Z,32784,SUGAR_CAL6_D,Sn_P,L,A,19176,1.709637046,-9530.374149,47882.37415,ok,NA,NA,NA,NA,NA,NA,NA,NA
Cal,2020-02-27T02:17:00Z,53020,SUGAR_CAL7_C,Sn_SW,L,C,151751,0.349388142,-70597.32325,374099.3232,ok,NA,NA,NA,NA,NA,NA,NA,NA
Cal,2020-02-27T02:53:00Z,29372,SUGAR_CAL8_D,Sn_P,L,C,151751,0.193553914,-70597.32325,374099.3232,ok,NA,NA,NA,NA,NA,NA,NA,NA
Cal,2020-02-27T18:59:00Z,215509,SUGAR_CAL9_I,I,L,D,197124,1.093266167,105144.1544,289103.8456,ok,NA,NA,NA,NA,NA,NA,NA,NA
Cal,2020-02-27T20:59:00Z,238404,SUGAR_CAL9_G,Gi_SW,L,D,197124,1.209411335,105144.1544,289103.8456,ok,NA,NA,NA,NA,NA,NA,NA,NA
Cal,2020-02-27T22:59:00Z,194583,SUGAR_CAL9_H,Gi_P,L,D,197124,0.987109637,105144.1544,289103.8456,ok,NA,NA,NA,NA,NA,NA,NA,NA
Cal,2020-03-06T17:40:00Z,162787,SUGAR_CAL10_B,MD_P,L,F,160889.5,1.011793809,23057.37208,298721.6279,ok,NA,NA,NA,NA,NA,NA,NA,NA
Cal,2020-03-07T01:40:00Z,127068,SUGAR_CAL11_C,Sn_SW,L,F,160889.5,0.789784293,23057.37208,298721.6279,ok,NA,NA,NA,NA,NA,NA,NA,NA
Cal,2020-03-10T17:12:00Z,165362,SUGAR_CAL12_D,Sn_P,L,G,181027,0.913465947,72197.26832,289856.7317,ok,NA,NA,NA,NA,NA,NA,NA,NA
Cal,2020-03-11T00:50:00Z,147253,SUGAR_CAL13_E,Sn_Gi_SW,L,G,181027,0.813431146,72197.26832,289856.7317,ok,NA,NA,NA,NA,NA,NA,NA,NA
CC,2020-03-11T10:49:00Z,183197,MIX_A-H-PE-STD_E-2,-,_,G,181027,1.011987162,72197.26832,289856.7317,ok,NA,NA,NA,NA,NA,NA,NA,NA
PE,2020-02-20T12:59:00Z,41236,QC2_PE10,PE,_,A,19176,2.150396329,-9530.374149,47882.37415,ok,NA,NA,NA,NA,NA,NA,NA,NA
PE,2020-02-27T03:29:00Z,211678,QC4_PE10,PE,_,C,151751,1.394903493,-70597.32325,374099.3232,ok,NA,NA,NA,NA,NA,NA,NA,NA
PE,2020-02-28T00:59:00Z,246080,QC5_PE10,PE,_,D,197124,1.248351292,105144.1544,289103.8456,ok,NA,NA,NA,NA,NA,NA,NA,NA
PE,2020-03-06T21:40:00Z,278819,QC6_PE_10,PE,P,F,160889.5,1.73298444,23057.37208,298721.6279,ok,NA,NA,NA,NA,NA,NA,NA,NA
PE,2020-03-10T21:01:00Z,135825,QC7_PE_10,PE,P,G,181027,0.750302441,72197.26832,289856.7317,ok,NA,NA,NA,NA,NA,NA,NA,NA
PE,2020-03-12T20:55:00Z,176309,QC8_PE10,PE,_,H,174524,1.01022782,124039.9046,225008.0954,ok,NA,NA,NA,NA,NA,NA,NA,NA
PE,2020-05-05T13:07:00Z,415,QC9_PE10,PE,_,I,199835,1,90073.64582,309596.3542,error,NA,NA,NA,NA,NA,NA,NA,NA
PE,NA,NA,QC_1,PE,NA,NA,NA,NA,NA,NA,NA,2020-02-12T14:20:00Z,38358,B,45441.5,0.844118262,32950.88922,57932.11078,ok
PE,NA,NA,QC2,PE,NA,NA,NA,NA,NA,NA,NA,2020-02-13T18:52:00Z,36342,C,41152,0.883116252,24435.09274,57868.90726,ok
PE,NA,NA,QC3,PE,NA,NA,NA,NA,NA,NA,NA,2020-02-14T13:20:00Z,39881,D,39881,1,34385.72012,45376.27988,ok
PE,NA,NA,QC4,PE,NA,NA,NA,NA,NA,NA,NA,2020-02-17T21:48:00Z,49721,E,54413,0.913770606,42317.70942,66508.29058,ok
Sample,2020-02-20T09:25:00Z,50604,A4ED3,Sn_P,A,A,19176,1,-9530.374149,47882.37415,error,2020-02-11T20:52:00Z,45407,A,44980,1.009493108,36457.18005,53502.81995,ok
Sample,2020-02-20T10:22:00Z,38112,A1EC8,Sn_SW,A,A,19176,1.987484355,-9530.374149,47882.37415,ok,2020-02-11T20:00:00Z,36257,A,44980,1,36457.18005,53502.81995,error
Sample,2020-02-20T10:58:00Z,41732,A2DG2,Gi_SW,A,A,19176,2.176261994,-9530.374149,47882.37415,ok,2020-02-11T20:17:00Z,48042,A,44980,1.0680747,36457.18005,53502.81995,ok
Sample,2020-02-20T11:34:00Z,18664,A3EG6,Gi_SW,A,A,19176,0.973299958,-9530.374149,47882.37415,ok,2020-02-11T20:35:00Z,44553,A,44980,0.990506892,36457.18005,53502.81995,ok
Sample,2020-02-20T19:02:00Z,4228,A6FC5,Sn_SW,A,A,19176,0.220483938,-9530.374149,47882.37415,ok,2020-02-11T21:26:00Z,47628,A,44980,1.058870609,36457.18005,53502.81995,ok
Sample,2020-02-20T19:38:00Z,2820,A7EG1,Gi_SW,A,A,19176,0.147058824,-9530.374149,47882.37415,ok,2020-02-11T21:56:00Z,38041,A,44980,0.845731436,36457.18005,53502.81995,ok
Sample,2020-02-20T20:27:00Z,1664,A8FE1,Sn_Gi_SW,A,A,19176,0.086775136,-9530.374149,47882.37415,ok,2020-02-11T22:13:00Z,40335,A,44980,0.896731881,36457.18005,53502.81995,ok
Sample,2020-02-20T21:03:00Z,3604,A9DG8,Gi_SW,A,A,19176,0.187943262,-9530.374149,47882.37415,ok,2020-02-11T22:31:00Z,41203,A,44980,0.916029346,36457.18005,53502.81995,ok
Sample,2020-02-20T22:28:00Z,9564,A11EF5,Sn_Gi_P,A,A,19176,0.498748436,-9530.374149,47882.37415,ok,2020-02-11T23:05:00Z,49481,A,44980,1.100066696,36457.18005,53502.81995,ok
Sample,2020-02-20T23:05:00Z,32468,A12FF5,Sn_Gi_P,A,A,19176,1.693158114,-9530.374149,47882.37415,ok,2020-02-11T23:22:00Z,46224,A,44980,1.027656736,36457.18005,53502.81995,ok
Sample,2020-02-20T23:41:00Z,27276,A13FG1,Gi_SW,A,A,19176,1.422403004,-9530.374149,47882.37415,ok,2020-02-12T12:43:00Z,33976,B,45441.5,0.747686586,32950.88922,57932.11078,ok
Sample,2020-02-21T00:30:00Z,5912,A14EE6,Sn_Gi_SW,A,A,19176,0.308302044,-9530.374149,47882.37415,ok,2020-02-12T13:01:00Z,34507,B,45441.5,0.75937194,32950.88922,57932.11078,ok
Sample,2020-02-21T02:31:00Z,2336,A17DA6,MD_SW,A,A,19176,0.12181894,-9530.374149,47882.37415,ok,2020-02-12T19:08:00Z,49563,B,45441.5,1.090699031,32950.88922,57932.11078,ok
Sample,2020-02-21T03:07:00Z,16544,A18DB9,MD_P,A,A,19176,0.862745098,-9530.374149,47882.37415,ok,2020-02-12T19:26:00Z,46904,B,45441.5,1.032184237,32950.88922,57932.11078,ok
Sample,2020-02-21T03:44:00Z,15868,A19FG6,Gi_SW,A,A,19176,0.827492699,-9530.374149,47882.37415,ok,2020-02-12T19:43:00Z,44721,B,45441.5,0.984144449,32950.88922,57932.11078,ok
Sample,2020-02-21T05:45:00Z,1964,A5EA4,MD_SW,A,A,19176,0.102419691,-9530.374149,47882.37415,ok,2020-02-11T21:09:00Z,47717,A,44980,1.060849266,36457.18005,53502.81995,ok
Sample,2020-02-24T13:33:00Z,5584,A20FD6,Sn_P,A,A,19176,0.29119733,-9530.374149,47882.37415,ok,2020-02-12T20:01:00Z,46162,B,45441.5,1.015855551,32950.88922,57932.11078,ok
Sample,2020-02-24T14:09:00Z,17344,A21DH3,Gi_P,A,A,19176,0.904463913,-9530.374149,47882.37415,ok,2020-02-12T20:19:00Z,48193,B,45441.5,1.060550378,32950.88922,57932.11078,ok
Sample,2020-02-24T21:01:00Z,101472,A22DH7,Gi_P,A,B,121576,0.834638415,96308.19818,146843.8018,ok,2020-02-13T13:24:00Z,47486,C,41152,1.153917185,24435.09274,57868.90726,ok
Sample,2020-02-24T21:50:00Z,130064,A23EB2,MD_P,A,B,121576,1.069816411,96308.19818,146843.8018,ok,2020-02-13T13:42:00Z,47237,C,41152,1.147866446,24435.09274,57868.90726,ok
Sample,2020-02-24T22:26:00Z,30184,A24FH9,Gi_P,A,A,19176,1.574050897,-9530.374149,47882.37415,ok,2020-02-13T14:00:00Z,56439,C,41152,1.371476477,24435.09274,57868.90726,ok
Sample,2020-02-24T23:03:00Z,114884,B1CE7,Sn_Gi_SW,B,B,121576,0.944956241,96308.19818,146843.8018,ok,2020-02-13T14:18:00Z,26633,C,41152,0.647186042,24435.09274,57868.90726,ok
Sample,2020-02-24T23:51:00Z,116920,B2AD6,Sn_P,B,B,121576,0.961702968,96308.19818,146843.8018,ok,2020-02-13T14:35:00Z,61476,C,41152,1,24435.09274,57868.90726,error
Sample,2020-02-25T00:27:00Z,126232,B3CF2,Sn_Gi_P,B,B,121576,1.038297032,96308.19818,146843.8018,ok,2020-02-13T14:53:00Z,61220,C,41152,1,24435.09274,57868.90726,error
Sample,2020-02-25T01:04:00Z,136912,B4BB3,MD_P,B,B,121576,1.126143318,96308.19818,146843.8018,ok,2020-02-13T17:22:00Z,38063,C,41152,0.92493682,24435.09274,57868.90726,ok
Sample,2020-02-27T04:53:00Z,54760,B13AA2,MD_SW,B,C,151751,0.360854294,-70597.32325,374099.3232,ok,2020-02-13T22:25:00Z,42163,C,41152,1.024567457,24435.09274,57868.90726,ok
Sample,2020-02-27T05:29:00Z,151751,B14AE3,Sn_Gi_SW,B,C,151751,1,-70597.32325,374099.3232,ok,2020-02-14T00:29:00Z,38642,C,41152,0.93900661,24435.09274,57868.90726,ok
Sample,2020-02-27T06:53:00Z,91518,B16BA1,MD_SW,B,C,151751,0.603080046,-70597.32325,374099.3232,ok,2020-02-14T01:05:00Z,51062,C,41152,1.240814541,24435.09274,57868.90726,ok
Sample,2020-02-27T07:29:00Z,399735,B17AC7,Sn_SW,B,C,151751,1,-70597.32325,374099.3232,error,2020-02-14T01:23:00Z,41433,C,41152,1.006828344,24435.09274,57868.90726,ok
Sample,2020-02-27T08:17:00Z,201483,B18CB5,MD_P,B,C,151751,1.327721069,-70597.32325,374099.3232,ok,2020-02-14T01:41:00Z,39912,C,41152,0.969867807,24435.09274,57868.90726,ok
Sample,2020-02-27T08:53:00Z,261999,C1EB8,MD_P,C,C,151751,1.726505921,-70597.32325,374099.3232,ok,2020-02-14T01:59:00Z,44979,C,41152,1.092996695,24435.09274,57868.90726,ok
Sample,2020-02-27T09:30:00Z,78559,C2EG5,Gi_SW,C,C,151751,0.517683574,-70597.32325,374099.3232,ok,2020-02-14T12:10:00Z,37458,D,39881,0.939244252,34385.72012,45376.27988,ok
Sample,2020-02-27T10:06:00Z,182899,C3EF10,Sn_Gi_P,C,C,151751,1.205257296,-70597.32325,374099.3232,ok,2020-02-14T12:27:00Z,42376,D,39881,1.062561119,34385.72012,45376.27988,ok
Sample,2020-02-27T10:54:00Z,165497,B12BE5,Sn_Gi_SW,B,NA,205429,0.805616539,146038.7578,264819.2422,ok,2020-02-13T22:07:00Z,37192,C,41152,0.903771384,24435.09274,57868.90726,ok
Sample,2020-02-27T14:58:00Z,218118,B5AB5,MD_P,B,D,197124,1.106501491,105144.1544,289103.8456,ok,2020-02-13T17:40:00Z,43474,C,41152,1.056424961,24435.09274,57868.90726,ok
Sample,2020-02-27T15:35:00Z,235764,B6CC10,Sn_SW,B,D,197124,1.19601875,105144.1544,289103.8456,ok,2020-02-13T17:58:00Z,39553,C,41152,0.961144051,24435.09274,57868.90726,ok
Sample,2020-02-27T16:11:00Z,202977,B7BD6,Sn_P,B,D,197124,1.029691971,105144.1544,289103.8456,ok,2020-02-13T20:56:00Z,38151,C,41152,0.927075233,24435.09274,57868.90726,ok
Sample,2020-02-27T16:59:00Z,189172,B9CA5,MD_SW,B,D,197124,0.959659909,105144.1544,289103.8456,ok,2020-02-13T21:14:00Z,39122,C,41152,0.950670684,24435.09274,57868.90726,ok
Sample,2020-02-27T17:35:00Z,119142,B10BC2,Sn_SW,B,D,197124,0.604401291,105144.1544,289103.8456,ok,2020-02-13T21:32:00Z,41427,C,41152,1.006682543,24435.09274,57868.90726,ok
Sample,2020-02-27T18:11:00Z,230584,B11CD9,Sn_P,B,D,197124,1.169740874,105144.1544,289103.8456,ok,2020-02-13T21:50:00Z,40877,C,41152,0.993317457,24435.09274,57868.90726,ok
Sample,2020-02-27T19:35:00Z,58201,C4EE5,Sn_Gi_SW,C,D,197124,1,105144.1544,289103.8456,error,2020-02-14T15:53:00Z,38848,D,39881,0.974097941,34385.72012,45376.27988,ok
Sample,2020-02-27T20:11:00Z,187510,C5ED5,Sn_P,C,D,197124,0.951228668,105144.1544,289103.8456,ok,2020-02-14T16:10:00Z,43201,D,39881,1.083247662,34385.72012,45376.27988,ok
Sample,2020-02-27T21:35:00Z,165176,C6EC7,Sn_SW,C,D,197124,0.837929425,105144.1544,289103.8456,ok,2020-02-14T16:28:00Z,35508,D,39881,0.890348788,34385.72012,45376.27988,ok
Sample,2020-02-27T22:11:00Z,199665,C7EA2,MD_SW,C,D,197124,1.012890363,105144.1544,289103.8456,ok,2020-02-14T16:46:00Z,41368,D,39881,1.037285926,34385.72012,45376.27988,ok
Sample,2020-02-27T23:35:00Z,177830,C8EH15,Gi_P,C,D,197124,0.902122522,105144.1544,289103.8456,ok,2020-02-14T17:03:00Z,35803,D,39881,0.897745794,34385.72012,45376.27988,ok
Sample,2020-02-28T00:12:00Z,234021,C9ED7,Sn_P,C,D,197124,1.1871766,105144.1544,289103.8456,ok,2020-02-14T17:21:00Z,40310,D,39881,1.010757002,34385.72012,45376.27988,ok
Sample,2020-02-28T01:35:00Z,180016,C10EA6,MD_SW,C,D,197124,0.913211988,105144.1544,289103.8456,ok,2020-02-17T12:55:00Z,49732,E,54413,0.913972764,42317.70942,66508.29058,ok
Sample,2020-02-28T02:12:00Z,187707,C11EE1,Sn_Gi_SW,C,D,197124,0.952228039,105144.1544,289103.8456,ok,2020-02-17T13:13:00Z,58844,E,54413,1.081432746,42317.70942,66508.29058,ok
Sample,2020-03-05T20:46:00Z,209217,C12EG9,Gi_SW,C,E,226718,0.922807188,187308.089,266127.911,ok,2020-02-17T13:30:00Z,54972,E,54413,1.01027328,42317.70942,66508.29058,ok
Sample,2020-03-05T21:23:00Z,220311,C13EH6,Gi_P,C,E,226718,0.971740224,187308.089,266127.911,ok,2020-02-17T13:48:00Z,56695,E,54413,1.041938507,42317.70942,66508.29058,ok
Sample,2020-03-05T21:59:00Z,244241,C14EC4,Sn_SW,C,E,226718,1.077289849,187308.089,266127.911,ok,2020-02-17T14:06:00Z,53575,E,54413,0.984599269,42317.70942,66508.29058,ok
Sample,2020-03-05T22:47:00Z,226718,C15EB5,MD_P,C,E,226718,1,187308.089,266127.911,ok,2020-02-17T14:23:00Z,62112,E,54413,1.141491923,42317.70942,66508.29058,ok
Sample,2020-03-05T23:23:00Z,258829,C16EF6,Sn_Gi_P,C,E,226718,1.141634101,187308.089,266127.911,ok,2020-02-17T16:38:00Z,50729,E,54413,0.932295591,42317.70942,66508.29058,ok
Sample,2020-03-06T14:27:00Z,206963,D1FD3,Sn_P,D,F,160889.5,1.286367352,23057.37208,298721.6279,ok,2020-02-17T16:55:00Z,54413,E,54413,1,42317.70942,66508.29058,ok
Sample,2020-03-06T15:03:00Z,174740,D2FC2,Sn_SW,D,F,160889.5,1.086087035,23057.37208,298721.6279,ok,2020-02-17T17:13:00Z,58472,E,54413,1.074596144,42317.70942,66508.29058,ok
Sample,2020-03-06T15:40:00Z,148721,D3FE4,Sn_Gi_SW,D,F,160889.5,0.924367345,23057.37208,298721.6279,ok,NA,NA,NA,NA,NA,NA,NA,NA
Sample,2020-03-06T16:27:00Z,163276,D4FG16,Gi_SW,D,F,160889.5,1.014833162,23057.37208,298721.6279,ok,2020-02-17T17:48:00Z,62599,E,54413,1.15044199,42317.70942,66508.29058,ok
Sample,2020-03-06T17:04:00Z,168482,D5FF1,Sn_Gi_P,D,F,160889.5,1.047190774,23057.37208,298721.6279,ok,2020-02-17T18:06:00Z,57712,E,54413,1.060628894,42317.70942,66508.29058,ok
Sample,2020-03-06T18:28:00Z,194023,D6FG9,Gi_SW,D,F,160889.5,1.20593948,23057.37208,298721.6279,ok,2020-02-17T20:20:00Z,42939,E,54413,0.789131274,42317.70942,66508.29058,ok
Sample,2020-03-06T19:04:00Z,45765,D7FC3,Sn_SW,D,F,160889.5,0.284449886,23057.37208,298721.6279,ok,2020-02-17T20:37:00Z,47241,E,54413,0.868193263,42317.70942,66508.29058,ok
Sample,2020-03-06T19:40:00Z,141359,D8FG17,Gi_SW,D,F,160889.5,0.878609232,23057.37208,298721.6279,ok,2020-02-17T20:55:00Z,44327,E,54413,0.814639884,42317.70942,66508.29058,ok
Sample,2020-03-06T20:28:00Z,159727,D9FD4,Sn_P,D,F,160889.5,0.992774544,23057.37208,298721.6279,ok,2020-02-21T14:16:00Z,24938,F,28333.5,0.880159528,14067.96871,42599.03129,ok
Sample,2020-03-06T21:04:00Z,177044,D10FE5,Sn_Gi_SW,D,F,160889.5,1.100407422,23057.37208,298721.6279,ok,2020-02-21T14:33:00Z,30775,F,28333.5,1.086170081,14067.96871,42599.03129,ok
Sample,2020-03-06T22:28:00Z,38973,D11FG10,Gi_SW,D,F,160889.5,0.242234577,23057.37208,298721.6279,ok,2020-02-21T14:51:00Z,27072,F,28333.5,0.955476732,14067.96871,42599.03129,ok
Sample,2020-03-06T23:04:00Z,34573,D12FF2,Sn_Gi_P,D,F,160889.5,0.214886615,23057.37208,298721.6279,ok,2020-02-21T15:08:00Z,46625,F,28333.5,1,14067.96871,42599.03129,error
Sample,2020-03-06T23:40:00Z,151870,D13FF4,Sn_Gi_P,D,F,160889.5,0.943939785,23057.37208,298721.6279,ok,2020-02-21T15:26:00Z,28926,F,28333.5,1.020911642,14067.96871,42599.03129,ok
Sample,2020-03-07T00:28:00Z,162052,D14FG11,Gi_SW,D,F,160889.5,1.007225456,23057.37208,298721.6279,ok,2020-02-21T16:01:00Z,24123,F,28333.5,0.851394992,14067.96871,42599.03129,ok
Sample,2020-03-07T01:04:00Z,5174,D15FC4,Sn_SW,D,F,160889.5,1,23057.37208,298721.6279,error,2020-02-21T16:19:00Z,27741,F,28333.5,0.979088358,14067.96871,42599.03129,ok
Sample,2020-03-10T14:11:00Z,157512,D16FD5,Sn_P,D,G,181027,0.87010225,72197.26832,289856.7317,ok,2020-02-21T16:36:00Z,32208,F,28333.5,1.136746254,14067.96871,42599.03129,ok
Sample,2020-03-10T14:47:00Z,223535,D17FG18,Gi_SW,D,NA,205429,1.088137507,146038.7578,264819.2422,ok,2020-02-25T10:10:00Z,30971,G,28241,1.096667965,-6744.560645,63226.56064,ok
Sample,2020-03-10T15:24:00Z,231225,D18FE6,Sn_Gi_SW,D,G,181027,1.277295652,72197.26832,289856.7317,ok,2020-02-25T10:27:00Z,31576,G,28241,1.118090719,-6744.560645,63226.56064,ok
Sample,2020-03-10T16:00:00Z,201957,E1DG10,Gi_SW,E,G,181027,1.115618112,72197.26832,289856.7317,ok,2020-02-25T10:45:00Z,31942,G,28241,1.1310506,-6744.560645,63226.56064,ok
Sample,2020-03-10T16:36:00Z,205429,E2CE2,Sn_Gi_SW,E,NA,205429,1,146038.7578,264819.2422,ok,2020-02-25T11:02:00Z,31988,G,28241,1.132679438,-6744.560645,63226.56064,ok
Sample,2020-03-10T18:00:00Z,206981,E3CE9,Sn_Gi_SW,E,G,181027,1.143370878,72197.26832,289856.7317,ok,2020-02-25T11:20:00Z,27151,G,28241,0.961403633,-6744.560645,63226.56064,ok
Sample,2020-03-10T18:36:00Z,182433,E4DG1,Gi_SW,E,G,181027,1.007766797,72197.26832,289856.7317,ok,2020-02-25T11:55:00Z,98406,G,28241,1,-6744.560645,63226.56064,error
Sample,2020-03-10T19:13:00Z,127368,E5CF4,Sn_Gi_P,E,G,181027,0.703585653,72197.26832,289856.7317,ok,2020-02-25T12:13:00Z,35334,G,28241,1.251159661,-6744.560645,63226.56064,ok
Sample,2020-03-10T19:49:00Z,265113,E6CB4,MD_P,E,G,181027,1.464494247,72197.26832,289856.7317,ok,2020-02-25T12:30:00Z,28241,G,28241,1,-6744.560645,63226.56064,ok
Sample,2020-03-10T20:25:00Z,284511,E7CD3,Sn_P,E,G,181027,1.571649533,72197.26832,289856.7317,ok,2020-02-25T12:48:00Z,28338,G,28241,1.003434723,-6744.560645,63226.56064,ok
Sample,2020-03-10T21:49:00Z,44780,E8DA5,MD_SW,E,G,181027,1,72197.26832,289856.7317,error,2020-02-25T13:05:00Z,25324,G,28241,0.896710456,-6744.560645,63226.56064,ok
Sample,2020-03-10T22:25:00Z,177485,E9DG7,Gi_SW,E,G,181027,0.980433858,72197.26832,289856.7317,ok,2020-02-25T13:41:00Z,22857,G,28241,0.809355193,-6744.560645,63226.56064,ok
Sample,2020-03-10T23:01:00Z,181027,E10CC5,Sn_SW,E,G,181027,1,72197.26832,289856.7317,ok,2020-02-25T13:58:00Z,25265,G,28241,0.894621295,-6744.560645,63226.56064,ok
Sample,2020-03-10T23:37:00Z,195269,E11DH9,Gi_P,E,G,181027,1.078673347,72197.26832,289856.7317,ok,2020-02-25T14:16:00Z,24661,G,28241,0.873233951,-6744.560645,63226.56064,ok
Sample,2020-03-11T00:14:00Z,161928,E12CE1,Sn_Gi_SW,E,G,181027,0.894496401,72197.26832,289856.7317,ok,2020-02-25T14:34:00Z,22244,G,28241,0.787649163,-6744.560645,63226.56064,ok
Sample,2020-03-12T14:41:00Z,174276,E13CF7,Sn_Gi_P,E,H,174524,0.998578992,124039.9046,225008.0954,ok,2020-02-25T14:51:00Z,30839,G,28241,1.09199391,-6744.560645,63226.56064,ok
Sample,2020-03-12T15:17:00Z,181718,E14DA7,MD_SW,E,H,174524,1.041220692,124039.9046,225008.0954,ok,2020-02-25T15:27:00Z,24008,G,28241,0.85011154,-6744.560645,63226.56064,ok
Sample,2020-03-12T15:54:00Z,184707,E15DH10,Gi_P,E,H,174524,1.058347276,124039.9046,225008.0954,ok,2020-02-25T15:44:00Z,26076,G,28241,0.923338409,-6744.560645,63226.56064,ok
Sample,2020-03-12T16:30:00Z,187225,E16CA2,MD_SW,E,H,174524,1.072775091,124039.9046,225008.0954,ok,NA,NA,NA,NA,NA,NA,NA,NA
Sample,2020-03-12T17:06:00Z,156324,E17CF8,Sn_Gi_P,E,H,174524,0.895716348,124039.9046,225008.0954,ok,2020-02-28T19:10:00Z,132880,H,130210,1.020505338,86014.39219,174405.6078,ok
Sample,2020-03-12T17:54:00Z,104750,E18DG4,Gi_SW,E,H,174524,1,124039.9046,225008.0954,error,2020-02-28T19:28:00Z,100421,H,130210,0.771223408,86014.39219,174405.6078,ok
Sample,2020-03-12T18:30:00Z,161422,E19CF5,Sn_Gi_P,E,H,174524,0.924927231,124039.9046,225008.0954,ok,2020-02-28T19:45:00Z,95515,H,130210,0.733545811,86014.39219,174405.6078,ok
Sample,2020-03-12T19:06:00Z,175123,E20DB1,MD_P,E,H,174524,1.003432193,124039.9046,225008.0954,ok,2020-02-28T20:03:00Z,106301,H,130210,0.81638123,86014.39219,174405.6078,ok
Sample,2020-03-12T19:42:00Z,174772,E21DH4,Gi_P,E,H,174524,1.001421008,124039.9046,225008.0954,ok,2020-02-28T20:20:00Z,151520,H,130210,1.163658705,86014.39219,174405.6078,ok
Sample,2020-03-12T20:19:00Z,103058,E22CE4,Sn_Gi_SW,E,H,174524,1,124039.9046,225008.0954,error,2020-02-28T20:38:00Z,155641,H,130210,1.19530758,86014.39219,174405.6078,ok
Sample,2020-03-12T21:43:00Z,154883,E23DA4,MD_SW,E,H,174524,0.887459604,124039.9046,225008.0954,ok,2020-02-28T21:10:00Z,129299,H,130210,0.99300361,86014.39219,174405.6078,ok
Sample,2020-03-12T22:19:00Z,173736,E24DB4,MD_P,E,H,174524,0.995484862,124039.9046,225008.0954,ok,2020-02-28T21:27:00Z,132561,H,130210,1.018055449,86014.39219,174405.6078,ok
Sample,2020-03-12T22:55:00Z,176011,G1EG7,Gi_SW,G,H,174524,1.008520318,124039.9046,225008.0954,ok,2020-02-28T21:45:00Z,129669,H,130210,0.995845173,86014.39219,174405.6078,ok
Sample,2020-03-12T23:31:00Z,165497,G2ED9,Sn_P,G,H,174524,0.948276455,124039.9046,225008.0954,ok,2020-02-28T22:02:00Z,130210,H,130210,1,86014.39219,174405.6078,ok
Sample,2020-03-13T00:07:00Z,176822,G3EH12,Gi_P,G,H,174524,1.013167243,124039.9046,225008.0954,ok,2020-02-28T22:20:00Z,163494,H,130210,1.255617848,86014.39219,174405.6078,ok
Sample,2020-05-05T13:43:00Z,179174,E24DB5,MD_P,E,I,199835,0.896609703,90073.64582,309596.3542,ok,NA,NA,NA,NA,NA,NA,NA,NA
Sample,2020-05-05T14:19:00Z,199835,F1FC1,Sn_SW,F,I,199835,1,90073.64582,309596.3542,ok,NA,NA,NA,NA,NA,NA,NA,NA
Sample,2020-05-05T14:55:00Z,160738,F2FC6,Sn_SW,F,I,199835,0.804353592,90073.64582,309596.3542,ok,NA,NA,NA,NA,NA,NA,NA,NA
Sample,2020-05-05T15:32:00Z,184301,F3FD1,Sn_P,F,I,199835,0.922265869,90073.64582,309596.3542,ok,NA,NA,NA,NA,NA,NA,NA,NA
Sample,2020-05-05T16:08:00Z,224606,F4FD2,Sn_P,F,I,199835,1.123957265,90073.64582,309596.3542,ok,NA,NA,NA,NA,NA,NA,NA,NA
Sample,2020-05-05T16:56:00Z,232029,F5FE2,Sn_Gi_SW,F,I,199835,1.16110291,90073.64582,309596.3542,ok,NA,NA,NA,NA,NA,NA,NA,NA
Sample,2020-05-05T17:32:00Z,202985,F6FE3,Sn_Gi_SW,F,I,199835,1.015763004,90073.64582,309596.3542,ok,NA,NA,NA,NA,NA,NA,NA,NA
Sample,2020-05-05T18:08:00Z,175058,F7FF3,Sn_Gi_P,F,I,199835,0.87601271,90073.64582,309596.3542,ok,NA,NA,NA,NA,NA,NA,NA,NA
Sample,2020-05-05T18:44:00Z,218157,F8FF6,Sn_Gi_P,F,I,199835,1.091685641,90073.64582,309596.3542,ok,NA,NA,NA,NA,NA,NA,NA,NA
Sample,2020-05-05T19:20:00Z,241687,F9FG2,Gi_SW,F,I,199835,1.209432782,90073.64582,309596.3542,ok,NA,NA,NA,NA,NA,NA,NA,NA
Sample,2020-05-05T19:57:00Z,209789,F13FH10,Gi_P,F,I,199835,1.049811094,90073.64582,309596.3542,ok,2020-02-11T22:48:00Z,42423,A,44980,0.943152512,36457.18005,53502.81995,ok
Sample,2020-05-05T20:44:00Z,212655,F14FH13,Gi_P,F,I,199835,1.064152926,90073.64582,309596.3542,ok,NA,NA,NA,NA,NA,NA,NA,NA
Sample,2020-05-05T21:21:00Z,179162,F15FH14,Gi_P,F,I,199835,0.896549653,90073.64582,309596.3542,ok,NA,NA,NA,NA,NA,NA,NA,NA
Sample,2020-05-05T21:57:00Z,135423,F16FH15,Gi_P,F,I,199835,0.677674081,90073.64582,309596.3542,ok,NA,NA,NA,NA,NA,NA,NA,NA
Sample,2020-05-05T22:33:00Z,197337,F17FH16,Gi_P,F,I,199835,0.987499687,90073.64582,309596.3542,ok,NA,NA,NA,NA,NA,NA,NA,NA
Sample,2020-05-05T23:09:00Z,212611,F18FH17,Gi_P,F,I,199835,1.063932745,90073.64582,309596.3542,ok,NA,NA,NA,NA,NA,NA,NA,NA
Sample,2020-05-15T13:27:00Z,148686,G7AC1,Sn_SW,G,J,180390.5,0.824245179,135349.7122,225431.2878,ok,NA,NA,NA,NA,NA,NA,NA,NA
Sample,2020-05-15T14:04:00Z,181068,G4AF2,Sn_Gi_P,G,J,180390.5,1.003755741,135349.7122,225431.2878,ok,2020-02-14T00:47:00Z,36145,C,41152,0.878329121,24435.09274,57868.90726,ok
Sample,2020-05-15T14:40:00Z,208830,G10AD4,Sn_P,G,J,180390.5,1.157655198,135349.7122,225431.2878,ok,NA,NA,NA,NA,NA,NA,NA,NA
Sample,2020-05-15T15:16:00Z,146083,G13AA5,MD_SW,G,J,180390.5,0.809815373,135349.7122,225431.2878,ok,NA,NA,NA,NA,NA,NA,NA,NA
Sample,2020-05-15T15:52:00Z,159189,G16AB4,MD_P,G,J,180390.5,0.882468866,135349.7122,225431.2878,ok,NA,NA,NA,NA,NA,NA,NA,NA
Sample,2020-05-15T16:29:00Z,140208,I1AC4,Sn_SW,I,J,180390.5,0.777247139,135349.7122,225431.2878,ok,NA,NA,NA,NA,NA,NA,NA,NA
Sample,2020-05-15T17:16:00Z,183311,I2CD7,Sn_P,I,J,180390.5,1.016189877,135349.7122,225431.2878,ok,NA,NA,NA,NA,NA,NA,NA,NA
Sample,2020-05-15T17:52:00Z,141198,I6CB3,MD_P,I,J,180390.5,0.782735233,135349.7122,225431.2878,ok,NA,NA,NA,NA,NA,NA,NA,NA
Sample,2020-05-15T18:29:00Z,179714,I8DH8,Gi_P,I,J,180390.5,0.996249803,135349.7122,225431.2878,ok,NA,NA,NA,NA,NA,NA,NA,NA
Sample,2020-05-15T19:05:00Z,181067,I9CB7,MD_P,I,J,180390.5,1.003750197,135349.7122,225431.2878,ok,NA,NA,NA,NA,NA,NA,NA,NA
Sample,2020-05-15T19:41:00Z,191550,I10DA1,MD_SW,I,J,180390.5,1.061863014,135349.7122,225431.2878,ok,NA,NA,NA,NA,NA,NA,NA,NA
Sample,2020-05-15T20:17:00Z,185265,I13DB10,MD_P,I,J,180390.5,1.027021933,135349.7122,225431.2878,ok,NA,NA,NA,NA,NA,NA,NA,NA
